"Manufacturer","Manufacturer (mega)","Make","Model (Carline)","U.S./Canadian Parts (%)","Foreign Parts (%)","Foreign Parts, Other (%)","Engine Origin","Additional country of Origin for Engine/Motor","Transmission Origin","Additional Country of Origin for the Transmission(s)","Final Assembly","Additional Final Assembly Countries","Vehicle Type on Part 567 Certification Label"
"Audi","Volkswagen Group","Audi","e-tron GT",1,"45% Germany + 29% Poland",25,"Poland","None","Germany","None","Germany","None","Passenger Car"
"Audi","Volkswagen Group","Audi","RS e-tron GT",1,"47% Germany + 26% Poland",26,"Poland","None","Germany","None","Germany","None","Passenger Car"
"Audi","Volkswagen Group","Audi","A3 40 FWD",0,"52% Germany + 15% Hungary",33,"Hungary","None","Germany","None","Germany","None","Passenger Car"
"Audi","Volkswagen Group","Audi","A3 45 AWD",0,"54% Germany",46,"Hungary","None","Germany","None","Germany","None","Passenger Car"
"Audi","Volkswagen Group","Audi","A4 40",1,"52% Germany",47,"Hungary","None","Germany","None","Germany","None","Passenger Car"
"Audi","Volkswagen Group","Audi","A4 45",1,"48% Germany",51,"Hungary","None","Germany","None","Germany","None","Passenger Car"
"Audi","Volkswagen Group","Audi","A4 allroad 45",1,"47% Germany",52,"Hungary","None","Germany","None","Germany","None","Multipurpose Passenger Vehicle"
"Audi","Volkswagen Group","Audi","A5 Cabriolet 45",1,"60% Germany",39,"Hungary","None","Germany","None","Germany","None","Passenger Car"
"Audi","Volkswagen Group","Audi","A5 Coupe S line 45",1,"50% Germany",49,"Hungary","None","Germany","None","Germany","None","Passenger Car"
"Audi","Volkswagen Group","Audi","A5 Sportback 40",1,"47% Germany + 15% Hungary",37,"Hungary","None","Germany","None","Germany","None","Passenger Car"
"Audi","Volkswagen Group","Audi","A5 Sportback S line 45",1,"50% Germany",49,"Hungary","None","Germany","None","Germany","None","Passenger Car"
"Audi","Volkswagen Group","Audi","A6 45",1,"49% Germany",50,"Hungary","None","Germany","None","Germany","None","Passenger Car"
"Audi","Volkswagen Group","Audi","A6 55",1,"47% Germany + 19% Hungary",33,"Hungary","None","Germany","None","Germany","None","Passenger Car"
"Audi","Volkswagen Group","Audi","A6 allroad",1,"44% Germany + 18% Hungary",37,"Hungary","None","Germany","None","Germany","None","Passenger Car"
"Audi","Volkswagen Group","Audi","A7 55",1,"44% Germany + 19% Hungary",36,"Hungary","None","Germany","None","Germany","None","Passenger Car"
"Audi","Volkswagen Group","Audi","A8L 55",1,"44% Germany + 20% Hungary",35,"Hungary","None","Hungary","None","Germany","None","Passenger Car"
"Audi","Volkswagen Group","Audi","Q3 40",1,"28% Hungary + 28% Germany",43,"Hungary","None","Japan","None","Hungary","None","Multipurpose Passenger Vehicle"
"Audi","Volkswagen Group","Audi","Q3 S line 45",1,"46% Hungary + 24% Germany",29,"Hungary","None","Japan","None","Hungary","None","Multipurpose Passenger Vehicle"
"Audi","Volkswagen Group","Audi","Q4 e-tron 40 RWD",0,"93% Germany",7,"Germany","None","Germany","None","Belgium","None","Multipurpose Passenger Vehicle"
"Audi","Volkswagen Group","Audi","Q4 e-tron 45",1,"86% Germany",13,"Germany","None","Germany","None","Belgium","None","Multipurpose Passenger Vehicle"
"Audi","Volkswagen Group","Audi","Q4 e-tron 50",0,"94% Germany",6,"Germany","None","Germany","None","Belgium","None","Multipurpose Passenger Vehicle"
"Audi","Volkswagen Group","Audi","Q4 e-tron 55",1,"87% Germany",12,"Germany","None","Germany","None","Belgium","None","Multipurpose Passenger Vehicle"
"Audi","Volkswagen Group","Audi","Q4 e-tron Sportback 50",0,"95% Germany",5,"Germany","None","Germany","None","Belgium","None","Multipurpose Passenger Vehicle"
"Audi","Volkswagen Group","Audi","Q4 e-tron Sportback 55",1,"88% Germany",11,"Germany","None","Germany","None","Belgium","None","Multipurpose Passenger Vehicle"
"Audi","Volkswagen Group","Audi","Q5 40",2,"70% Mexico + 20% Germany",8,"Hungary","None","Germany","None","Mexico","None","Multipurpose Passenger Vehicle"
"Audi","Volkswagen Group","Audi","Q5 S line 45",2,"78% Mexico + 20% Germany",0,"Mexico","None","Germany","None","Mexico","None","Multipurpose Passenger Vehicle"
"Audi","Volkswagen Group","Audi","Q5 S line 55 e",1,"51% Mexico + 42% Germany",6,"Hungary","None","Germany","None","Mexico","None","Multipurpose Passenger Vehicle"
"Audi","Volkswagen Group","Audi","Q5 Sportback S line 45",2,"78% Mexico + 19% Germany",1,"Mexico","None","Germany","None","Mexico","None","Multipurpose Passenger Vehicle"
"Audi","Volkswagen Group","Audi","Q7 45",1,"31% Slovakia + 22% Hungary",46,"Hungary","None","Hungary","None","Slovakia","None","Multipurpose Passenger Vehicle"
"Audi","Volkswagen Group","Audi","Q7 55",1,"33% Slovakia + 23% Germany",43,"Hungary","None","Hungary","None","Slovakia","None","Multipurpose Passenger Vehicle"
"Audi","Volkswagen Group","Audi","Q8 55",1,"51% Germany + 23% Slovakia",25,"Germany","None","Germany","None","Slovakia","None","Multipurpose Passenger Vehicle"
"Audi","Volkswagen Group","Audi","Q8 e-tron 55",1,"53% Hungary + 16% Germany",30,"Hungary","None","Hungary","None","Belgium","None","Multipurpose Passenger Vehicle"
"Audi","Volkswagen Group","Audi","Q8 e-tron S line",1,"53% Hungary + 16% Germany",30,"Hungary","None","Hungary","None","Belgium","None","Multipurpose Passenger Vehicle"
"Audi","Volkswagen Group","Audi","Q8 e-tron Sportback",1,"53% Hungary + 16% Germany",30,"Hungary","None","Hungary","None","Belgium","None","Multipurpose Passenger Vehicle"
"Audi","Volkswagen Group","Audi","RS3",1,"48% Germany + 27% Hungary",24,"Hungary","None","Germany","None","Germany","None","Passenger Car"
"Audi","Volkswagen Group","Audi","RS5 Coupe",1,"39% Germany + 30% Hungary",30,"Hungary","None","Hungary","None","Germany","None","Passenger Car"
"Audi","Volkswagen Group","Audi","RS5 Sportback",1,"39% Germany + 31% Hungary",29,"Hungary","None","Hungary","None","Germany","None","Passenger Car"
"Audi","Volkswagen Group","Audi","RS6 Avant",1,"60% Germany",39,"Germany","None","Germany","None","Germany","None","Passenger Car"
"Audi","Volkswagen Group","Audi","RS7",1,"56% Germany",43,"Germany","None","Germany","None","Germany","None","Passenger Car"
"Audi","Volkswagen Group","Audi","RS Q8",1,"49% Germany + 26% Slovakia",24,"Germany","None","Germany","None","Slovakia","None","Multipurpose Passenger Vehicle"
"Audi","Volkswagen Group","Audi","S3",0,"56% Germany",44,"Hungary","None","Germany","None","Germany","None","Passenger Car"
"Audi","Volkswagen Group","Audi","S4",1,"39% Germany + 30% Hungary",30,"Hungary","None","Hungary","None","Germany","None","Passenger Car"
"Audi","Volkswagen Group","Audi","S5 Cabriolet",1,"48% Germany + 25% Hungary",26,"Hungary","None","Hungary","None","Germany","None","Passenger Car"
"Audi","Volkswagen Group","Audi","S5 Coupe",1,"39% Germany + 30% Hungary",30,"Hungary","None","Hungary","None","Germany","None","Passenger Car"
"Audi","Volkswagen Group","Audi","S5 Sportback",1,"41% Germany + 29% Hungary",29,"Hungary","None","Hungary","None","Germany","None","Passenger Car"
"Audi","Volkswagen Group","Audi","S6",1,"37% Germany + 26% Hungary",36,"Hungary","None","Hungary","None","Germany","None","Passenger Car"
"Audi","Volkswagen Group","Audi","S7",1,"39% Germany + 26% Hungary",34,"Hungary","None","Hungary","None","Germany","None","Passenger Car"
"Audi","Volkswagen Group","Audi","S8L",1,"63% Germany",36,"Germany","None","Germany","None","Germany","None","Passenger Car"
"Audi","Volkswagen Group","Audi","SQ5",2,"68% Mexico + 21% Hungary",9,"Hungary","None","Hungary","None","Mexico","None","Multipurpose Passenger Vehicle"
"Audi","Volkswagen Group","Audi","SQ5 Sportback",2,"68% Mexico + 20% Hungary",10,"Hungary","None","Hungary","None","Mexico","None","Multipurpose Passenger Vehicle"
"Audi","Volkswagen Group","Audi","SQ7",1,"54% Germany + 26% Slovakia",19,"Germany","None","Germany","None","Slovakia","None","Multipurpose Passenger Vehicle"
"Audi","Volkswagen Group","Audi","SQ8",1,"28% Slovakia + 25% Hungary",46,"Hungary","None","Hungary","None","Slovakia","None","Multipurpose Passenger Vehicle"
"Audi","Volkswagen Group","Audi","SQ8 e-tron",1,"53% Hungary + 16% Germany",30,"Hungary","None","Hungary","None","Belgium","None","Multipurpose Passenger Vehicle"
"Audi","Volkswagen Group","Audi","SQ8 e-tron Sportback",1,"53% Hungary + 16% Germany",30,"Hungary","None","Hungary","None","Belgium","None","Multipurpose Passenger Vehicle"
"Bentley","Volkswagen Group","Bentley","Bentayga V8",0,"65% Germany",35,"Germany","None","Germany","None","United Kingdom","None","Multipurpose Passenger Vehicle"
"Bentley","Volkswagen Group","Bentley","Bentayga EWB V8",0,"64% Germany",36,"Germany","None","Germany","None","United Kingdom","None","Multipurpose Passenger Vehicle"
"Bentley","Volkswagen Group","Bentley","Bentayga Hybrid",0,"50% Germany",50,"Germany","None","Germany","None","United Kingdom","None","Multipurpose Passenger Vehicle"
"Bentley","Volkswagen Group","Bentley","Continental GT V8",0,"68% Germany + 16% United Kingdom",16,"Germany","None","Germany","None","United Kingdom","None","Passenger Car"
"Bentley","Volkswagen Group","Bentley","Continental GT Convertible V8",0,"65% Germany + 15% United Kingdom",20,"Germany","None","Germany","None","United Kingdom","None","Passenger Car"
"Bentley","Volkswagen Group","Bentley","Continental GT Speed",0,"68% Germany",32,"Germany","None","Germany","None","United Kingdom","None","Passenger Car"
"Bentley","Volkswagen Group","Bentley","Continental GT Convertible Speed",0,"66% Germany",34,"Germany","None","Germany","None","United Kingdom","None","Passenger Car"
"Bentley","Volkswagen Group","Bentley","Flying Spur",0,"64% Germany + 15% United Kingdom",21,"Germany","None","Germany","None","United Kingdom","None","Passenger Car"
"Bentley","Volkswagen Group","Bentley","Flying Spur V8",0,"69% Germany + 15% United Kingdom",16,"Germany","None","Germany","None","United Kingdom","None","Passenger Car"
"Bentley","Volkswagen Group","Bentley","Flying Spur Hybrid",0,"59% Germany + 15% United Kingdom",26,"Germany","None","Germany","None","United Kingdom","None","Passenger Car"
"BMW AG","BMW Group","BMW","2 Series Coupe/Convertible",8,"24% Germany + 23% Mexico",45,"Austria","None","Germany","None","Mexico","None","Passenger Car"
"BMW AG","BMW Group","BMW","2 Series Gran Coupe",0,"37% Germany",63,"Germany","None","Japan","None","Germany","None","Passenger Car"
"BMW AG","BMW Group","BMW","3 Series Sedan",9,"23% Germany + 21% Mexico",47,"Austria","None","Germany","None","Mexico","None","Passenger Car"
"BMW AG","BMW Group","BMW","4 Series Coupe/Convertible",0,"48% Germany",52,"Germany","None","Germany","None","Germany","None","Passenger Car"
"BMW AG","BMW Group","BMW","4 Series Gran Coupe",0,"38% Germany",62,"Germany","None","Germany","None","Germany","None","Passenger Car"
"BMW AG","BMW Group","BMW","5 Series / i5",0,"48% Germany",52,"Germany","None","Germany","None","Germany","None","Passenger Car"
"BMW AG","BMW Group","BMW","7 Series / i7",0,"34% Germany",66,"Germany","None","Germany","None","Germany","None","Passenger Car"
"BMW AG","BMW Group","BMW","8 Series Coupe/Convertible",0,"35% Germany + 16% Other",49,"Germany","None","Germany","None","Germany","None","Passenger Car"
"BMW AG","BMW Group","BMW","8 Series Gran Coupe",0,"35% Germany + 16% Other",49,"Germany","None","Germany","None","Germany","None","Passenger Car"
"BMW AG","BMW Group","BMW","Cooper Clubman",0,"30% Germany + 18% United Kingdom",52,"Germany","None","Germany","Japan (JCW Auto, AWD)","United Kingdom","None","Passenger Car"
"BMW AG","BMW Group","BMW","Cooper Convertible",0,"22% Germany + 16% Poland",62,"United Kingdom","None","Germany","None","Netherlands","None","Passenger Car"
"BMW AG","BMW Group","BMW","Cooper Countryman",0,"25% Germany + 11% Poland",64,"United Kingdom","None","Japan","None","Netherlands","None","Multipurpose Passenger Vehicle"
"BMW AG","BMW Group","BMW","Cooper Hard Top 2 Door",0,"30% Germany + 18% United Kingdom",52,"Germany","None","Germany","None","United Kingdom","None","Passenger Car"
"BMW AG","BMW Group","BMW","Cooper Hard Top 4 Door",0,"30% Germany + 18% United Kingdom",52,"Germany","None","Germany","None","United Kingdom","None","Passenger Car"
"BMW AG","BMW Group","BMW","i4",0,"34% Germany + 18% United Kingdom",48,"Germany","None","Germany","None","Germany","None","Passenger Car"
"BMW AG","BMW Group","BMW","iX",1,"21% Hungary + 16% Germany",62,"Germany","None","Germany","None","Germany","None","Multipurpose Passenger Vehicle"
"BMW AG","BMW Group","BMW","M2 Coupe",5,"29% Germany + 16% Mexico",50,"Austria","None","Germany","None","Mexico","None","Passenger Car"
"BMW AG","BMW Group","BMW","M3 Sedan",0,"38% Germany",62,"Germany","None","Germany","None","Germany","None","Passenger Car"
"BMW AG","BMW Group","BMW","M3 CS Sedan",0,"48% Germany",52,"Germany","None","Germany","None","Germany","None","Passenger Car"
"BMW AG","BMW Group","BMW","M8",0,"52% Germany",48,"Germany","None","Germany","None","Germany","None","Passenger Car"
"BMW AG","BMW Group","BMW","X1",0,"34% Germany + 16% United Kingdom",50,"Germany","None","Germany","None","Germany","None","Multipurpose Passenger Vehicle"
"BMW AG","BMW Group","BMW","X2",0,"35% Germany + 16% Other",49,"Germany","None","Germany","None","Germany","None","Multipurpose Passenger Vehicle"
"BMW AG","BMW Group","BMW","X3",23,"18% South Africa + 16% Germany",43,"Austria","None","Germany","None","South Africa","None","Multipurpose Passenger Vehicle"
"BMW AG","BMW Group","BMW","X3",27,0,73,"Austria (4.0, M), United Kingdom (3.0)","None","Germany","None","United States","None","Multipurpose Passenger Vehicle"
"BMW AG","BMW Group","BMW","X4",32,0,68,"Austria (4.0, M), United Kingdom (3.0)","None","Germany","None","United States","None","Multipurpose Passenger Vehicle"
"BMW AG","BMW Group","BMW","X5",28,"19% Germany",53,"Germany","Austria (4.0, 5.0e)","Germany","None","United States","None","Multipurpose Passenger Vehicle"
"BMW AG","BMW Group","BMW","X6",30,"21% Germany",49,"Germany","Austria (4.0)","Germany","None","United States","None","Multipurpose Passenger Vehicle"
"BMW AG","BMW Group","BMW","X7",25,"23% Germany",52,"Germany","Austria (4.0)","Germany","None","United States","None","Multipurpose Passenger Vehicle"
"BMW AG","BMW Group","BMW","XM",21,"26% Germany",53,"Germany","None","Germany","None","United States","None","Multipurpose Passenger Vehicle"
"BMW AG","BMW Group","BMW","Z4",0,"30% Germany + 23% Austria",47,"Austria","None","Germany","None","Austria","None","Passenger Car"
"BMW AG","BMW Group","Toyota","Supra",0,"30% Germany + 26% Austria",44,"Austria","None","Germany","None","Austria","None","Passenger Car"
"Bugatti Automobiles S.A.S.","Volkswagen Group","Bugatti","Chiron Super Sport","N/A","N/A","N/A","Germany","None","United Kingdom","None","France","None","Passenger Car"
"Fiat Chrysler","Stellantis","Alfa Romeo","Giulia",0,"69% Italy",31,"Italy","None","Germany","None","Italy","None","Passenger Car"
"Fiat Chrysler","Stellantis","Alfa Romeo","Stelvio",0,"55% Italy + 13% France",32,"Italy","None","Germany","None","Italy","None","Multipurpose Passenger Vehicle"
"Fiat Chrysler","Stellantis","Alfa Romeo","Tonale",0,"56% Italy + 12% China",32,"Italy","None","Germany","None","Italy","None","Multipurpose Passenger Vehicle"
"Fiat Chrysler","Stellantis","Chrysler","Pacifica",66,"22% Mexico",12,"Mexico","United States","United States","None","Canada","None","Multipurpose Passenger Vehicle"
"Fiat Chrysler","Stellantis","Dodge","Charger BEV",51,"28% Mexico + 17% Hungary",4,"United States","None","United States","None","Canada","None","Passenger Car"
"Fiat Chrysler","Stellantis","Dodge","Durango",69,"22% Mexico",9,"United States","Mexico","United States","Germany","United States","None","Multipurpose Passenger Vehicle"
"Fiat Chrysler","Stellantis","Dodge","Hornet",0,"56% Italy + 12% Poland",32,"United States","Italy, Poland","United States","Italy","Italy","None","Multipurpose Passenger Vehicle"
"Fiat Chrysler","Stellantis","Fiat","500E",0,"40% Hungary + 35% Italy",25,"Italy","None","Italy","None","Italy","None","Multipurpose Passenger Vehicle"
"Fiat Chrysler","Stellantis","Jeep","Compass",21,"69% Mexico",10,"United States","Italy","United States","None","Mexico","None","Multipurpose Passenger Vehicle"
"Fiat Chrysler","Stellantis","Jeep","Gladiator",68,"21% Mexico",11,"United States","Mexico","United States","Japan","United States","None","Truck"
"Fiat Chrysler","Stellantis","Jeep","Grand Cherokee",59,"23% Mexico",18,"United States","Italy, Mexico","United States","Germany","United States","None","Multipurpose Passenger Vehicle"
"Fiat Chrysler","Stellantis","Jeep","Grand Cherokee L",59,"23% Mexico",18,"United States","Italy, Mexico","United States","Germany","United States","None","Multipurpose Passenger Vehicle"
"Fiat Chrysler","Stellantis","Jeep","Grand Wagoneer",59,"35% Mexico",6,"Mexico","None","United States","None","United States","None","Multipurpose Passenger Vehicle"
"Fiat Chrysler","Stellantis","Jeep","Wagoneer",59,"35% Mexico",6,"Mexico","None","United States","None","United States","None","Multipurpose Passenger Vehicle"
"Fiat Chrysler","Stellantis","Jeep","Wagoneer S",24,"48% Mexico + 23% Hungary",5,"United States","None","United States","None","Mexico","None","Multipurpose Passenger Vehicle"
"Fiat Chrysler","Stellantis","Jeep","Wrangler 2d, 4d",64,"18% Mexico",18,"United States","Italy, Mexico","United States","Japan, Germany","United States","None","Multipurpose Passenger Vehicle"
"Fiat Chrysler","Stellantis","RAM","Ram 1500",61,"32% Mexico",7,"United States","Mexico","United States","Germany","United States","None","Truck"
"Fiat Chrysler","Stellantis","RAM","Ram 1500 CLASSIC",67,"27% Mexico",6,"United States","Mexico","United States","Germany","United States","None","Truck"
"Ford Motor Company","Ford Motor Company","Ford","Bronco",18,0,82,"Mexico","United States (2.7L, 3.0L)","United States","None","United States","None","Multipurpose Passenger Vehicle"
"Ford Motor Company","Ford Motor Company","Ford","Bronco Sport",20,"64% Mexico",16,"United States (2.0L)","Mexico (1.5L)","United States","None","Mexico","None","Multipurpose Passenger Vehicle"
"Ford Motor Company","Ford Motor Company","Ford","Edge",28,"18% Mexico",54,"United States (2.0L)","Mexico (2.7L)","United States","None","Canada","None","Multipurpose Passenger Vehicle"
"Ford Motor Company","Ford Motor Company","Ford","Escape",32,"25% Mexico",43,"Mexico (1.5L)","United States (2.0L)","United States","None","United States","None","Multipurpose Passenger Vehicle"
"Ford Motor Company","Ford Motor Company","Ford","Escape PHEV",32,"25% Mexico",43,"Mexico (2.5L)","None","United States","None","United States","None","Multipurpose Passenger Vehicle"
"Ford Motor Company","Ford Motor Company","Ford","Expedition",25,"15% Mexico",60,"Mexico","None","United States","None","United States","None","Multipurpose Passenger Vehicle"
"Ford Motor Company","Ford Motor Company","Ford","Explorer",27,0,73,"United States","Mexico (3.0L)","United States","None","United States","None","Multipurpose Passenger Vehicle"
"Ford Motor Company","Ford Motor Company","Ford","F150 EV",24,0,76,"United States","None","United States","None","United States","None","Truck"
"Ford Motor Company","Ford Motor Company","Ford","F150",32,0,68,"United States (2.7L, 5.0L)","Mexico (3.5L)","United States","None","United States","None","Truck"
"Ford Motor Company","Ford Motor Company","Ford","F150",32,0,68,"Mexico (3.5L)","United States (2.7L, 5.0L, 5.2L)","United States","None","United States","None","Truck"
"Ford Motor Company","Ford Motor Company","Ford","Maverick",20,"55% Mexico",25,"Mexico (2.5L)","United States (2.0L)","United States","None","Mexico","None","Multipurpose Passenger Vehicle"
"Ford Motor Company","Ford Motor Company","Ford","Mustang",60,"17% Mexico",23,"United States (5.0L)","Mexico (2.3L)","United States (10 SPD)","China (6 SPD), Mexico (6 SPD)","United States","None","Passenger Car"
"Ford Motor Company","Ford Motor Company","Ford","Mustang Mach-E",26,"51% China + 18% Mexico",5,"Mexico","China","Japan","None","Mexico","None","Multipurpose Passenger Vehicle"
"Ford Motor Company","Ford Motor Company","Ford","Ranger",8,0,92,"United States (2.3L, 2.7L, 3.0L)","None","United States","None","United States","None","Multipurpose Passenger Vehicle"
"Ford Motor Company","Ford Motor Company","Lincoln","Aviator",27,0,73,"United States","None","United States","None","United States","None","Multipurpose Passenger Vehicle"
"Ford Motor Company","Ford Motor Company","Lincoln","Corsair",47,"25% Mexico",28,"United States","None","United States","None","United States","None","Passenger Car"
"Ford Motor Company","Ford Motor Company","Lincoln","Corsair PHEV",47,"25% Mexico",28,"Mexico","None","United States","None","United States","None","Passenger Car"
"Ford Motor Company","Ford Motor Company","Lincoln","Nautilus",13,"86% China",1,"China (2.0L)","None","China","None","China","None","Multipurpose Passenger Vehicle"
"Ford Motor Company","Ford Motor Company","Lincoln","Navigator",23,0,77,"Mexico","None","United States","None","United States","None","Multipurpose Passenger Vehicle"
"GM LLC","General Motors","Buick","Enclave",31,"35% Mexico",34,"Mexico","None","United States","Mexico","United States","None","Multipurpose Passenger Vehicle"
"GM LLC","General Motors","Buick","Encore GX",2,"50% South Korea + 18% China",30,"Mexico","South Korea","South Korea","Mexico","South Korea","None","Multipurpose Passenger Vehicle"
"GM LLC","General Motors","Buick","Envista",3,"55% South Korea + 21% Mexico",21,"Mexico","None","Mexico","None","South Korea","None","Multipurpose Passenger Vehicle"
"GM LLC","General Motors","Cadillac","CT4",38,"21% Mexico + 15% China",26,"United States","None","United States","None","United States","None","Passenger Car"
"GM LLC","General Motors","Cadillac","CT5",38,"21% Mexico + 15% China",26,"United States","None","United States","None","United States","None","Passenger Car"
"GM LLC","General Motors","Cadillac","Escalade",37,"36% Mexico",27,"United States","None","United States","Mexico","United States","None","Multipurpose Passenger Vehicle"
"GM LLC","General Motors","Cadillac","XT4",39,"17% Mexico + 15% China",29,"United States","None","United States","None","United States","None","Multipurpose Passenger Vehicle"
"GM LLC","General Motors","Cadillac","XT5",31,"35% Mexico",34,"United States","None","United States","None","United States","None","Multipurpose Passenger Vehicle"
"GM LLC","General Motors","Cadillac","XT6",31,"35% Mexico",34,"United States","None","United States","None","United States","None","Multipurpose Passenger Vehicle"
"GM LLC","General Motors","Chevy","Blazer",31,"35% Mexico",34,"United States","Mexico","Mexico","None","Mexico","None","Multipurpose Passenger Vehicle"
"GM LLC","General Motors","Chevy","Blazer EV",62,"18% China",20,"China","None","None","None","Mexico","None","Passenger Car"
"GM LLC","General Motors","Chevy","Bolt",28,"28% Turkey + 21% China",23,"None","None","South Korea","None","United States","None","Passenger Car"
"GM LLC","General Motors","Chevy","Bolt EUV",28,"28% Turkey + 21% China",23,"None","None","South Korea","None","United States","None","Passenger Car"
"GM LLC","General Motors","Chevy","Brightdrop",77,0,23,"None","None","None","None","United States","None","Multipurpose Passenger Vehicle"
"GM LLC","General Motors","Chevy","Camaro",45,"18% Mexico",37,"United States","None","United States","Mexico","United States","None","Passenger Car"
"GM LLC","General Motors","Chevy","Colorado",51,"19% Mexico",30,"United States","None","United States","None","United States","None","Truck"
"GM LLC","General Motors","Chevy","Corvette",40,"31% Mexico",29,"United States","None","United States","None","United States","None","Passenger Car"
"GM LLC","General Motors","Chevy","Equinox",20,"42% Mexico",38,"China","Mexico","Mexico","Argentina, Canada","Mexico","None","Multipurpose Passenger Vehicle"
"GM LLC","General Motors","Chevy","Equinox EV",62,"18% China",20,"China","None","None","None","Mexico","None","Passenger Car"
"GM LLC","General Motors","Chevy","Express",54,"22% Mexico",24,"United States","None","United States","None","United States","United States","Multipurpose Passenger Vehicle"
"GM LLC","General Motors","Chevy","Lyric",62,"18% China",20,"China","None","None","None","United States","None","Passenger Car"
"GM LLC","General Motors","Chevy","Malibu",39,"17% Mexico + 15% China",29,"United States","None","United States","None","United States","None","Passenger Car"
"GM LLC","General Motors","Cruise","Origin AV",28,"28% Taiwan + 21% China",23,"None","None","None","None","United States","None","Multipurpose Passenger Vehicle"
"GM LLC","General Motors","Chevy","Silverado",37,"36% Mexico",27,"United States","Mexico, Canada","United States","Mexico","United States","None","Truck"
"GM LLC","General Motors","Chevy","Silverado/Sierra EV",36,"33% South Korea",31,"None","None","None","None","United States","None","Truck"
"GM LLC","General Motors","Chevy","Suburban/Tahoe",37,"36% Mexico",27,"United States","None","United States","Mexico","United States","None","Multipurpose Passenger Vehicle"
"GM LLC","General Motors","Chevy","Trailblazer",3,"55% South Korea + 21% Mexico",21,"Mexico","None","South Korea","Mexico","South Korea","None","Multipurpose Passenger Vehicle"
"GM LLC","General Motors","Chevy","Traverse",31,"35% Mexico",34,"Mexico","None","United States","Mexico","United States","None","Multipurpose Passenger Vehicle"
"GM LLC","General Motors","Chevy","Traverse",35,"27% Mexico",38,"None","None","United States","None","United States","None","Multipurpose Passenger Vehicle"
"GM LLC","General Motors","Buick","Trax",2,"50% South Korea + 18% China",30,"Mexico","South Korea","Mexico","None","South Korea","None","Multipurpose Passenger Vehicle"
"GM LLC","General Motors","GMC","Acadia",31,"35% Mexico",34,"United States","None","United States","None","United States","None","Multipurpose Passenger Vehicle"
"GM LLC","General Motors","GMC","Canyon",51,"19% Mexico",30,"United States","None","United States","None","United States","None","Truck"
"GM LLC","General Motors","GMC","Hummer",36,"33% South Korea",31,"None","None","None","None","United States","None","T/MPV"
"GM LLC","General Motors","GMC","Savanna",54,"22% Mexico",24,"United States","None","United States","None","United States","None","Multipurpose Passenger Vehicle"
"GM LLC","General Motors","GMC","Sierra",37,"36% Mexico",27,"United States","Mexico","United States","Mexico","United States","None","Truck"
"GM LLC","General Motors","GMC","Terrain",20,"42% Mexico",38,"Mexico","None","United States","None","Mexico","None","Multipurpose Passenger Vehicle"
"GM LLC","General Motors","GMC","Yukon",37,"36% Mexico",27,"United States","None","United States","Mexico","United States","None","Multipurpose Passenger Vehicle"
"GM LLC","General Motors","Honda","Prologue",38,"22% South Korea + 16% Mexico",24,"None","None","None","None","Mexico","None","Multipurpose Passenger Vehicle"
"GM LLC","General Motors","Acura","ZDX",63,"19% Mexico + 16% China",2,"None","None","None","None","United States","None","Multipurpose Passenger Vehicle"
"Honda Motor Co., Ltd.","Honda Motor Company","Acura","Integra",60,"15% Japan",25,"United States","None","United States","None","United States","None","Passenger Car"
"Honda Motor Co., Ltd.","Honda Motor Company","Acura","Integra",60,"15% Japan",25,"United States","None","Japan","None","United States","None","Passenger Car"
"Honda Motor Co., Ltd.","Honda Motor Company","Acura","Integra A-Spec",65,0,35,"United States","None","United States","None","United States","None","Passenger Car"
"Honda Motor Co., Ltd.","Honda Motor Company","Acura","Integra A-Spec",65,0,35,"United States","None","India","None","United States","None","Passenger Car"
"Honda Motor Co., Ltd.","Honda Motor Company","Acura","MDX FWD",65,0,35,"United States","None","United States","None","United States","None","Multipurpose Passenger Vehicle"
"Honda Motor Co., Ltd.","Honda Motor Company","Acura","MDX AWD",65,0,35,"United States","None","Mexico","None","United States","None","Multipurpose Passenger Vehicle"
"Honda Motor Co., Ltd.","Honda Motor Company","Acura","MDX AWD Type S",55,0,45,"United States","Japan","United States","None","United States","None","Multipurpose Passenger Vehicle"
"Honda Motor Co., Ltd.","Honda Motor Company","Acura","RDX AWD A-Spec",65,0,35,"United States","None","United States","None","United States","None","Multipurpose Passenger Vehicle"
"Honda Motor Co., Ltd.","Honda Motor Company","Acura","RDX AWD",65,0,35,"United States","None","United States","None","United States","None","Multipurpose Passenger Vehicle"
"Honda Motor Co., Ltd.","Honda Motor Company","Acura","TLX AWD A-Spec",65,0,35,"United States","None","United States","None","United States","None","Passenger Car"
"Honda Motor Co., Ltd.","Honda Motor Company","Acura","TLX FWD",65,0,35,"United States","None","United States","None","United States","None","Passenger Car"
"Honda Motor Co., Ltd.","Honda Motor Company","Acura","TLX Type-S",55,"15% Japan",30,"United States","Japan","United States","None","United States","None","Passenger Car"
"Honda Motor Co., Ltd.","Honda Motor Company","Honda","Accord",65,0,35,"United States","None","United States","None","United States","None","Passenger Car"
"Honda Motor Co., Ltd.","Honda Motor Company","Honda","Accord",65,0,35,"United States","Japan","United States","None","United States","None","Passenger Car"
"Honda Motor Co., Ltd.","Honda Motor Company","Honda","Accord Sport/Touring",50,"25% Japan",25,"United States","Japan","United States","None","United States","None","Passenger Car"
"Honda Motor Co., Ltd.","Honda Motor Company","Honda","Civic 5Dr",60,0,40,"United States","None","Japan","None","Japan","None","Passenger Car"
"Honda Motor Co., Ltd.","Honda Motor Company","Honda","Civic 5Dr",60,0,40,"United States","None","India","None","United States","None","Passenger Car"
"Honda Motor Co., Ltd.","Honda Motor Company","Honda","Civic 5Dr",60,0,40,"United States","None","Mexico","None","United States","None","Passenger Car"
"Honda Motor Co., Ltd.","Honda Motor Company","Honda","Civic 5Dr",60,0,40,"United States","None","United States","None","United States","None","Passenger Car"
"Honda Motor Co., Ltd.","Honda Motor Company","Honda","Civic 4D",65,0,35,"United States","None","Indonesia","None","Canada","None","Passenger Car"
"Honda Motor Co., Ltd.","Honda Motor Company","Honda","Civic 4D",65,0,35,"United States","None","United States","None","Canada","None","Passenger Car"
"Honda Motor Co., Ltd.","Honda Motor Company","Honda","Civic 4D",65,0,35,"United States","None","Mexico","None","Canada","None","Passenger Car"
"Honda Motor Co., Ltd.","Honda Motor Company","Honda","CR-V FWD",60,0,40,"United States","None","United States","None","Canada","None","Multipurpose Passenger Vehicle"
"Honda Motor Co., Ltd.","Honda Motor Company","Honda","CR-V FWD",60,0,40,"United States","None","United States","None","United States","None","Multipurpose Passenger Vehicle"
"Honda Motor Co., Ltd.","Honda Motor Company","Honda","CR-V FWD",60,0,40,"Japan","None","United States","None","United States","None","Multipurpose Passenger Vehicle"
"Honda Motor Co., Ltd.","Honda Motor Company","Honda","CR-V FWD",60,0,40,"United States","None","United States","None","United States","None","Multipurpose Passenger Vehicle"
"Honda Motor Co., Ltd.","Honda Motor Company","Honda","CR-V FWD",60,0,40,"Japan","None","United States","None","United States","None","Multipurpose Passenger Vehicle"
"Honda Motor Co., Ltd.","Honda Motor Company","Honda","CR-V AWD",60,"15% Japan",25,"United States","None","United States","None","Canada","None","Multipurpose Passenger Vehicle"
"Honda Motor Co., Ltd.","Honda Motor Company","Honda","CR-V AWD",60,"15% Japan",25,"Japan","None","Japan","None","Canada","None","Multipurpose Passenger Vehicle"
"Honda Motor Co., Ltd.","Honda Motor Company","Honda","CR-V AWD",60,"15% Japan",25,"United States","None","United States","None","United States","None","Multipurpose Passenger Vehicle"
"Honda Motor Co., Ltd.","Honda Motor Company","Honda","CR-V AWD",60,"15% Japan",25,"Japan","None","Japan","None","United States","None","Multipurpose Passenger Vehicle"
"Honda Motor Co., Ltd.","Honda Motor Company","Honda","CR-V AWD",60,"15% Japan",25,"United States","None","United States","None","United States","None","Multipurpose Passenger Vehicle"
"Honda Motor Co., Ltd.","Honda Motor Company","Honda","CR-V AWD",60,"15% Japan",25,"Japan","None","Japan","None","United States","None","Multipurpose Passenger Vehicle"
"Honda Motor Co., Ltd.","Honda Motor Company","Honda","HR-V FWD",30,"40% Mexico",30,"United States","None","Mexico","None","Mexico","None","Multipurpose Passenger Vehicle"
"Honda Motor Co., Ltd.","Honda Motor Company","Honda","HR-V AWD",30,"40% Mexico",30,"United States","None","Mexico","None","Mexico","None","Multipurpose Passenger Vehicle"
"Honda Motor Co., Ltd.","Honda Motor Company","Honda","Odyssey",70,0,30,"United States","None","United States","None","United States","None","Multipurpose Passenger Vehicle"
"Honda Motor Co., Ltd.","Honda Motor Company","Honda","Passport AWD",75,0,25,"United States","None","United States","None","United States","None","Multipurpose Passenger Vehicle"
"Honda Motor Co., Ltd.","Honda Motor Company","Honda","Pilot AWD",70,0,30,"United States","None","United States","None","United States","None","Multipurpose Passenger Vehicle"
"Honda Motor Co., Ltd.","Honda Motor Company","Honda","Pilot AWD Touring/Elite/Black",70,0,30,"United States","None","United States","None","United States","None","Multipurpose Passenger Vehicle"
"Honda Motor Co., Ltd.","Honda Motor Company","Honda","Pilot AWD TrailSport",70,0,30,"United States","None","United States","None","United States","None","Multipurpose Passenger Vehicle"
"Honda Motor Co., Ltd.","Honda Motor Company","Honda","Pilot FWD",70,0,30,"United States","None","Mexico","None","United States","None","Multipurpose Passenger Vehicle"
"Honda Motor Co., Ltd.","Honda Motor Company","Honda","Ridgeline AWD",70,0,30,"United States","None","United States","None","United States","None","Truck"
"Honda Motor Co., Ltd.","Honda Motor Company","Honda","Ridgeline AWD TrailSport",70,0,30,"United States","None","United States","None","United States","None","Truck"
"Hyundai Motor Company","Hyundai Motor Group","Genesis","G80",2,"80% South Korea",18,"South Korea","None","South Korea","None","South Korea","None","Passenger Car"
"Hyundai Motor Company","Hyundai Motor Group","Genesis","G80 EV",2,"65% South Korea + 30% China",3,"South Korea","None","South Korea","None","South Korea","None","Passenger Car"
"Hyundai Motor Company","Hyundai Motor Group","Genesis","G90",3,"80% South Korea",17,"South Korea","None","South Korea","None","South Korea","None","Passenger Car"
"Hyundai Motor Company","Hyundai Motor Group","Genesis","GV60 EV",1,"90% South Korea",9,"South Korea","None","South Korea","None","South Korea","None","Multipurpose Passenger Vehicle"
"Hyundai Motor Company","Hyundai Motor Group","Genesis","GV70",25,"70% South Korea",5,"South Korea","None","South Korea","None","United States","None","Multipurpose Passenger Vehicle"
"Hyundai Motor Company","Hyundai Motor Group","Genesis","GV70",2,"80% South Korea",18,"South Korea","None","South Korea","None","South Korea","None","Multipurpose Passenger Vehicle"
"Hyundai Motor Company","Hyundai Motor Group","Genesis","GV70 EV",17,"80% South Korea",3,"South Korea","None","South Korea","None","United States","None","Multipurpose Passenger Vehicle"
"Hyundai Motor Company","Hyundai Motor Group","Genesis","GV80",3,"80% South Korea",17,"South Korea","None","South Korea","None","South Korea","None","Multipurpose Passenger Vehicle"
"Hyundai Motor Company","Hyundai Motor Group","Hyundai","Elantra",1,"95% South Korea",4,"South Korea","None","South Korea","None","South Korea","None","Passenger Car"
"Hyundai Motor Company","Hyundai Motor Group","Hyundai","Elantra HEV",0,"85% South Korea",15,"South Korea","None","South Korea","None","South Korea","None","Passenger Car"
"Hyundai Motor Company","Hyundai Motor Group","Hyundai","Elantra N",0,"80% South Korea",20,"South Korea","None","South Korea","None","South Korea","None","Passenger Car"
"Hyundai Motor Company","Hyundai Motor Group","Hyundai","Ioniq 5",1,"95% South Korea",4,"South Korea","None","South Korea","None","South Korea","None","Passenger Car"
"Hyundai Motor Company","Hyundai Motor Group","Hyundai","Ioniq 5",20,"35% Hungary + 20% South Korea",25,"South Korea","None","South Korea","None","Singapore","None","Passenger Car"
"Hyundai Motor Company","Hyundai Motor Group","Hyundai","Ioniq 6",0,"95% South Korea",5,"South Korea","None","South Korea","None","South Korea","None","Passenger Car"
"Hyundai Motor Company","Hyundai Motor Group","Hyundai","Kona",3,"90% South Korea",7,"South Korea","None","South Korea","None","South Korea","None","Multipurpose Passenger Vehicle"
"Hyundai Motor Company","Hyundai Motor Group","Hyundai","Kona EV",0,"60% South Korea + 40% China",0,"South Korea","None","South Korea","None","South Korea","None","Multipurpose Passenger Vehicle"
"Hyundai Motor Company","Hyundai Motor Group","Hyundai","Nexo",1,"80% South Korea",19,"South Korea","None","South Korea","None","South Korea","None","Multipurpose Passenger Vehicle"
"Hyundai Motor Company","Hyundai Motor Group","Hyundai","Palisade",2,"80% South Korea",18,"South Korea","None","South Korea","None","South Korea","None","Multipurpose Passenger Vehicle"
"Hyundai Motor Company","Hyundai Motor Group","Hyundai","Santa Cruz",55,"35% South Korea",10,"United States","None","United States","South Korea","United States","None","Multipurpose Passenger Vehicle"
"Hyundai Motor Company","Hyundai Motor Group","Hyundai","Santa Fe",50,"30% South Korea",20,"United States","None","South Korea","None","United States","None","Multipurpose Passenger Vehicle"
"Hyundai Motor Company","Hyundai Motor Group","Hyundai","Santa Fe HEV",40,"45% South Korea",15,"South Korea","None","South Korea","None","United States","None","Multipurpose Passenger Vehicle"
"Hyundai Motor Company","Hyundai Motor Group","Hyundai","Sonata",1,"95% South Korea",4,"South Korea","None","South Korea","None","South Korea","None","Passenger Car"
"Hyundai Motor Company","Hyundai Motor Group","Hyundai","Sonata HEV",1,"85% South Korea",14,"South Korea","None","South Korea","None","South Korea","None","Passenger Car"
"Hyundai Motor Company","Hyundai Motor Group","Hyundai","Tucson",1,"85% South Korea",14,"South Korea","None","South Korea","None","South Korea","None","Multipurpose Passenger Vehicle"
"Hyundai Motor Company","Hyundai Motor Group","Hyundai","Tucson HEV",0,"80% South Korea",20,"South Korea","None","South Korea","None","South Korea","None","Multipurpose Passenger Vehicle"
"Hyundai Motor Company","Hyundai Motor Group","Hyundai","Tucson PHEV",0,"85% South Korea",15,"South Korea","None","South Korea","None","South Korea","None","Multipurpose Passenger Vehicle"
"Hyundai Motor Company","Hyundai Motor Group","Hyundai","Venue",1,"90% South Korea",9,"South Korea","None","South Korea","None","South Korea","None","Multipurpose Passenger Vehicle"
"Jaguar Land Rover Limited","Tata Motors","Jaguar","E-Pace (I4 - 246HP)",14,"62% Germany + 21% United Kingdom",3,"United Kingdom","None","United States","None","Australia","None","Multipurpose Passenger Vehicle"
"Jaguar Land Rover Limited","Tata Motors","Jaguar","F-Pace (2.0L I4 Turbocharged)",0,"61% United Kingdom + 15% Germany",24,"United Kingdom","None","Germany","None","United Kingdom","None","Multipurpose Passenger Vehicle"
"Jaguar Land Rover Limited","Tata Motors","Jaguar","F-Pace (3.0L I6 Turbocharged)",0,"61% United Kingdom + 15% Germany",24,"United Kingdom","None","Germany","None","United Kingdom","None","Multipurpose Passenger Vehicle"
"Jaguar Land Rover Limited","Tata Motors","Jaguar","F-Pace SVR (5.0L V8 Supercharged)",0,"66% United Kingdom + 11% Germany",23,"United Kingdom","None","Germany","None","United Kingdom","None","Multipurpose Passenger Vehicle"
"Jaguar Land Rover Limited","Tata Motors","Jaguar","F-TYPE Coupe RWD (V8)",8,"50% Germany + 41% United Kingdom",1,"United Kingdom","None","Germany","None","United Kingdom","None","Passenger Car"
"Jaguar Land Rover Limited","Tata Motors","Jaguar","F-TYPE Coupe AWD (V8)",8,"50% Germany + 41% United Kingdom",1,"United Kingdom","None","Germany","None","United Kingdom","None","Passenger Car"
"Jaguar Land Rover Limited","Tata Motors","Jaguar","F-TYPE Convertible RWD (V8)",8,"50% Germany + 41% United Kingdom",1,"United Kingdom","None","Germany","None","United Kingdom","None","Passenger Car"
"Jaguar Land Rover Limited","Tata Motors","Jaguar","F-TYPE Convertible AWD (V8)",8,"50% Germany + 41% United Kingdom",1,"United Kingdom","None","Germany","None","United Kingdom","None","Passenger Car"
"Jaguar Land Rover Limited","Tata Motors","Jaguar","I-PACE EV400 Waymo (394hp Electric Motors/90kWh Battery)",0,"74% Poland",26,"Poland","None","Poland","None","Australia","None","Multipurpose Passenger Vehicle"
"Jaguar Land Rover Limited","Tata Motors","Jaguar","I-PACE EV400 HSE (394hp Electric Motors/90kWh Battery)",0,"74% Poland",26,"Poland","None","Poland","None","Australia","None","Multipurpose Passenger Vehicle"
"Jaguar Land Rover Limited","Tata Motors","Jaguar","XF - RWD",4,"50% United Kingdom + 43% Germany",3,"United Kingdom","None","Germany","None","United Kingdom","None","Passenger Car"
"Jaguar Land Rover Limited","Tata Motors","Jaguar","XF - AWD",4,"48% Germany + 46% United Kingdom",2,"United Kingdom","None","Germany","None","United Kingdom","None","Passenger Car"
"Jaguar Land Rover Limited","Tata Motors","Land Rover","Defender - 90",1,"31% United Kingdom + 19% Germany",50,"United Kingdom","None","Germany","None","Slovakia","None","Multipurpose Passenger Vehicle"
"Jaguar Land Rover Limited","Tata Motors","Land Rover","Defender - 110",1,"31% United Kingdom + 19% Germany",50,"United Kingdom","None","Germany","None","Slovakia","None","Multipurpose Passenger Vehicle"
"Jaguar Land Rover Limited","Tata Motors","Land Rover","Defender - 130",1,"31% United Kingdom + 19% Germany",50,"United Kingdom","None","Germany","None","Slovakia","None","Multipurpose Passenger Vehicle"
"Jaguar Land Rover Limited","Tata Motors","Land Rover","Discovery 2.0L Turbocharged",0,"72% United Kingdom + 12% Germany",16,"United Kingdom","None","Germany","None","Slovakia","None","Multipurpose Passenger Vehicle"
"Jaguar Land Rover Limited","Tata Motors","Land Rover","Discovery 3.0L Turbocharged",0,"72% United Kingdom + 12% Germany",16,"United Kingdom","None","Germany","None","Slovakia","None","Multipurpose Passenger Vehicle"
"Jaguar Land Rover Limited","Tata Motors","Land Rover","Discovery Sport",7,"50% United Kingdom",43,"United Kingdom","None","United States","None","United Kingdom","None","Multipurpose Passenger Vehicle"
"Jaguar Land Rover Limited","Tata Motors","Land Rover","Range Rover 3.0L Turbocharged (Gasoline) Long Wheelbase",5,"54% United Kingdom + 15% Germany",26,"United Kingdom","None","Germany","None","United Kingdom","None","Multipurpose Passenger Vehicle"
"Jaguar Land Rover Limited","Tata Motors","Land Rover","Range Rover 3.0L Turbocharged (Gasoline) Long Wheelbase",5,"60% United Kingdom + 8% Germany",27,"United Kingdom","None","Germany","None","United Kingdom","None","Multipurpose Passenger Vehicle"
"Jaguar Land Rover Limited","Tata Motors","Land Rover","Range Rover 4.4L Turbocharged (Gasoline) Long Wheelbase",5,"50% United Kingdom + 18% Germany",27,"Germany","None","Germany","None","United Kingdom","None","Multipurpose Passenger Vehicle"
"Jaguar Land Rover Limited","Tata Motors","Land Rover","Range Rover 3.0L Turbocharged (Gasoline) Standard Wheelbase",5,"54% United Kingdom + 15% Germany",26,"United Kingdom","None","Germany","None","United Kingdom","None","Multipurpose Passenger Vehicle"
"Jaguar Land Rover Limited","Tata Motors","Land Rover","Range Rover 3.0L Turbocharged (Gasoline) Standard Wheelbase",5,"60% United Kingdom + 8% Germany",27,"United Kingdom","None","Germany","None","United Kingdom","None","Multipurpose Passenger Vehicle"
"Jaguar Land Rover Limited","Tata Motors","Land Rover","Range Rover 4.4L V8 Turbocharged (Gasoline) Standard Wheelbase",5,"50% United Kingdom + 18% Germany",27,"Germany","None","Germany","None","United Kingdom","None","Multipurpose Passenger Vehicle"
"Jaguar Land Rover Limited","Tata Motors","Land Rover","Range Rover Evoque",9,"54% United Kingdom + 15% Germany",22,"United Kingdom","None","United States","None","United Kingdom","None","Multipurpose Passenger Vehicle"
"Jaguar Land Rover Limited","Tata Motors","Land Rover","Range Rover Sport 3.0L Turbocharged PHEV (Gasoline)",5,"54% United Kingdom + 15% Germany",26,"United Kingdom","None","Germany","None","United Kingdom","None","Multipurpose Passenger Vehicle"
"Jaguar Land Rover Limited","Tata Motors","Land Rover","Range Rover Sport 3.0L Turbocharged (Gasoline)",5,"60% United Kingdom + 8% Germany",27,"United Kingdom","None","Germany","None","United Kingdom","None","Multipurpose Passenger Vehicle"
"Jaguar Land Rover Limited","Tata Motors","Land Rover","Range Rover Sport 4.4L Turbocharged (Gasoline)",5,"50% United Kingdom + 18% Germany",27,"Germany","None","Germany","None","United Kingdom","None","Multipurpose Passenger Vehicle"
"Jaguar Land Rover Limited","Tata Motors","Land Rover","Range Rover Velar (2.0L I4 Gasoline Turbocharged)",8,"60% United Kingdom",32,"United Kingdom","None","Germany","None","United Kingdom","None","Multipurpose Passenger Vehicle"
"Jaguar Land Rover Limited","Tata Motors","Land Rover","Range Rover Velar (3.0L I6 Gasoline Turbocharged)",8,"60% United Kingdom",32,"United Kingdom","None","Germany","None","United Kingdom","None","Multipurpose Passenger Vehicle"
"Lamborghini","Volkswagen Group","Lamborghini","Huracan EVO",0,"61% Germany + 15% Italy",24,"Hungary","None","Germany","None","Italy","None","Passenger Car"
"Lamborghini","Volkswagen Group","Lamborghini","Huracan Sterrato",0,"61% Germany + 17% Italy",22,"Hungary","None","Germany","None","Italy","None","Passenger Car"
"Lamborghini","Volkswagen Group","Lamborghini","Huracan STO",0,"43% Italy + 40% Germany",17,"Hungary","None","Germany","None","Italy","None","Passenger Car"
"Lamborghini","Volkswagen Group","Lamborghini","Huracan Tecnica",0,"62% Germany + 15% Hungary",23,"Hungary","None","Germany","None","Italy","None","Passenger Car"
"Lamborghini","Volkswagen Group","Lamborghini","Revuelto",0,"48% Italy + 26% Germany",26,"Italy","None","Italy","None","Italy","None","Passenger Car"
"Lamborghini","Volkswagen Group","Lamborghini","URUS Performante",0,"56% Germany + 18% Italy",26,"Germany","None","Germany","None","Italy","None","Multipurpose Passenger Vehicle"
"Lamborghini","Volkswagen Group","Lamborghini","URUS S",0,"61% Germany",39,"Germany","None","Germany","None","Italy","None","Multipurpose Passenger Vehicle"
"Lotus Cars Ltd.","Geely","Lotus","Emira",10,"35% United Kingdom",55,"Japan","None","Japan","None","United Kingdom","None","Passenger Car"
"Mazda Motor Corporation","Mazda Motor Corporation","Mazda","CX-5",5,"90% Japan",5,"Japan","None","Japan","None","Japan","None","Multipurpose Passenger Vehicle"
"Mazda Motor Corporation","Mazda Motor Corporation","Mazda","CX-50",50,"30% Mexico + 15% Japan",5,"Mexico","Japan","Japan","None","United States","None","Multipurpose Passenger Vehicle"
"Mazda Motor Corporation","Mazda Motor Corporation","Mazda","CX-70 PHEV",0,"95% Japan",5,"Japan","None","Japan","None","Japan","None","Multipurpose Passenger Vehicle"
"Mazda Motor Corporation","Mazda Motor Corporation","Mazda","CX-70 MHEV",0,"95% Japan",5,"Japan","None","Japan","None","Japan","None","Multipurpose Passenger Vehicle"
"Mazda Motor Corporation","Mazda Motor Corporation","Mazda","CX-90 PHEV",0,"90% Japan",10,"Japan","None","Japan","None","Japan","None","Multipurpose Passenger Vehicle"
"Mazda Motor Corporation","Mazda Motor Corporation","Mazda","CX-90 MHEV",0,"90% Japan",10,"Japan","None","Japan","None","Japan","None","Multipurpose Passenger Vehicle"
"Mazda Motor Corporation","Mazda Motor Corporation","Mazda","Mazda3",0,"85% Japan",15,"Japan","None","Japan","None","Japan","None","Passenger Car"
"Mazda Motor Corporation","Mazda Motor Corporation","Mazda","Mazda3",10,"70% Mexico + 15% Japan",5,"Mexico","Japan","Japan","Thailand","Mexico","None","Passenger Car"
"Mazda Motor Corporation","Mazda Motor Corporation","Mazda","MX-5 Miata",0,"85% Japan",15,"Japan","None","Japan","None","Japan","None","Passenger Car"
"Mercedes-Benz USA","Mercedes-Benz Group AG","Mercedes-Benz","AMG GT 4-dr Coupe (AMG GT43 / AMG GT53)",0,"50% Germany",50,"Germany","None","Germany","None","Germany","None","Passenger Car"
"Mercedes-Benz USA","Mercedes-Benz Group AG","Mercedes-Benz","AMG GT 4-dr Coupe (AMG GT63/ AMG GT63Se)",0,"50% Germany",50,"Germany","None","Germany","None","Germany","None","Passenger Car"
"Mercedes-Benz USA","Mercedes-Benz Group AG","Mercedes-Benz","C-Class Sedan (C300/C300-4M/C43/C63)",0,"20% Germany + 10% South Africa",70,"Germany","Poland","Germany","Romania","South Africa","None","Passenger Car"
"Mercedes-Benz USA","Mercedes-Benz Group AG","Mercedes-Benz","CLA Coupe (CLA250/CLA250-4M)",0,"25% Germany + 10% Hungary",65,"Germany","None","Germany","Romania","Hungary","None","Passenger Car"
"Mercedes-Benz USA","Mercedes-Benz Group AG","Mercedes-Benz","CLA Coupe (CLA45 AMG)",0,"25% Germany + 10% Hungary",65,"Germany","None","Romania","None","Hungary","None","Passenger Car"
"Mercedes-Benz USA","Mercedes-Benz Group AG","Mercedes-Benz","CLA Coupe (CLA35 AMG)",0,"25% Germany + 10% Hungary",65,"Germany","None","Germany","None","Hungary","None","Passenger Car"
"Mercedes-Benz USA","Mercedes-Benz Group AG","Mercedes-Benz","EQB-Class (EQB 250+/EQB 300-4M/EQB 350-4M)",0,"15% Germany + 10% Hungary",75,"Germany","None","Germany","None","Hungary","None","Multipurpose Passenger Vehicle"
"Mercedes-Benz USA","Mercedes-Benz Group AG","Mercedes-Benz","EQE Sedan (EQE 350+/EQE 350-4M/EQE 500-4M/AMG EQE 4M)",0,"35% Germany",65,"Hungary","None","Hungary","None","Germany","None","Passenger Car"
"Mercedes-Benz USA","Mercedes-Benz Group AG","Mercedes-Benz","EQE SUV (EQE 350+/EQE 350-4M/EQE 500-4M)",10,"10% Germany",80,"Germany","None","Germany","None","United States","None","Passenger Car"
"Mercedes-Benz USA","Mercedes-Benz Group AG","Mercedes-Benz","EQS Sedan (EQS 450+/EQS 450-4M/EQS 580-4M/AMG EQS)",0,"35% Germany",65,"Germany","None","Germany","None","Germany","None","Passenger Car"
"Mercedes-Benz USA","Mercedes-Benz Group AG","Mercedes-Benz","EQS SUV (EQS450+/EQS450-4M/EQS580 4M/EQS680 Maybach)",10,"15% Germany",75,"Germany","None","Germany","None","United States","None","Multipurpose Passenger Vehicle"
"Mercedes-Benz USA","Mercedes-Benz Group AG","Mercedes-Benz","G-Class SUV (G550/G63/G63 4x4)",0,"25% Germany + 15% Austria",60,"Germany","None","Germany","None","Austria","None","Multipurpose Passenger Vehicle"
"Mercedes-Benz USA","Mercedes-Benz Group AG","Mercedes-Benz","GLA SUV (GLA250/GLA250-4M)",0,"35% Germany",65,"Germany","None","Romania","None","Germany","None","Multipurpose Passenger Vehicle"
"Mercedes-Benz USA","Mercedes-Benz Group AG","Mercedes-Benz","GLA SUV (AMG GLA35 / AMG GLA45)",0,"35% Germany",65,"Germany","None","Romania","None","Germany","None","Multipurpose Passenger Vehicle"
"Mercedes-Benz USA","Mercedes-Benz Group AG","Mercedes-Benz","GLB SUV (GLB250/ GLB250-4M)",0,"15% Germany + 10% Mexico",75,"Germany","None","Romania","None","Mexico","None","Multipurpose Passenger Vehicle"
"Mercedes-Benz USA","Mercedes-Benz Group AG","Mercedes-Benz","GLC SUV (GLC300/GLC300-4M)",0,"30% Germany",70,"Poland","None","Germany","None","Germany","None","Multipurpose Passenger Vehicle"
"Mercedes-Benz USA","Mercedes-Benz Group AG","Mercedes-Benz","GLC SUV (GLC43-4M)",0,"30% Germany",70,"Germany","None","Germany","None","Germany","None","Multipurpose Passenger Vehicle"
"Mercedes-Benz USA","Mercedes-Benz Group AG","Mercedes-Benz","GLE SUV (GLE350-4M/GLE350)",10,"25% Germany",65,"United States","None","Germany","None","United States","None","Multipurpose Passenger Vehicle"
"Mercedes-Benz USA","Mercedes-Benz Group AG","Mercedes-Benz","GLE SUV (GLE450-4M)",10,"25% Germany",65,"Germany","None","Germany","None","United States","None","Multipurpose Passenger Vehicle"
"Mercedes-Benz USA","Mercedes-Benz Group AG","Mercedes-Benz","GLE SUV (GLE450e-4M)",10,"25% Germany",65,"Germany","None","Germany","None","United States","None","Multipurpose Passenger Vehicle"
"Mercedes-Benz USA","Mercedes-Benz Group AG","Mercedes-Benz","GLE SUV (GLE580-4M)",10,"25% Germany",65,"Germany","None","Germany","None","United States","None","Multipurpose Passenger Vehicle"
"Mercedes-Benz USA","Mercedes-Benz Group AG","Mercedes-Benz","GLE SUV (GLE63 S)",10,"25% Germany",65,"Germany","None","Germany","None","United States","None","Passenger Car"
"Mercedes-Benz USA","Mercedes-Benz Group AG","Mercedes-Benz","GLE SUV (GLE53-4M)",10,"25% Germany",65,"Germany","None","Germany","None","United States","None","Passenger Car"
"Mercedes-Benz USA","Mercedes-Benz Group AG","Mercedes-Benz","GLE Coupe (GLE53-4M)",10,"25% Germany",65,"Germany","None","Germany","None","United States","None","Passenger Car"
"Mercedes-Benz USA","Mercedes-Benz Group AG","Mercedes-Benz","GLE Coupe (GLE63S)",10,"25% Germany",65,"Germany","None","Germany","None","United States","None","Passenger Car"
"Mercedes-Benz USA","Mercedes-Benz Group AG","Mercedes-Benz","GLS SUV (GLS450-4M)",10,"25% Germany",65,"Germany","None","Germany","None","United States","None","Multipurpose Passenger Vehicle"
"Mercedes-Benz USA","Mercedes-Benz Group AG","Mercedes-Benz","GLS SUV (GLS580-4M)",10,"25% Germany",65,"Germany","None","Germany","None","United States","None","Multipurpose Passenger Vehicle"
"Mercedes-Benz USA","Mercedes-Benz Group AG","Mercedes-Benz","GLS SUV (GLS63)",10,"25% Germany",65,"Germany","None","Germany","None","United States","None","Multipurpose Passenger Vehicle"
"Mercedes-Benz USA","Mercedes-Benz Group AG","Mercedes-Benz","GLS SUV (GLS600 Maybach)",10,"25% Germany",65,"Germany","None","Germany","None","United States","None","Multipurpose Passenger Vehicle"
"Mercedes-Benz USA","Mercedes-Benz Group AG","Mercedes-Benz","S-Class Sedan (S500-4M)",0,"40% Germany",60,"Germany","None","Germany","None","Germany","None","Passenger Car"
"Mercedes-Benz USA","Mercedes-Benz Group AG","Mercedes-Benz","S-Class Sedan (S580-4M)",0,"40% Germany",60,"Germany","None","Germany","None","Germany","None","Passenger Car"
"Mercedes-Benz USA","Mercedes-Benz Group AG","Mercedes-Benz","S-Class Sedan (S580e-4M)",0,"40% Germany",60,"Germany","None","Germany","None","Germany","None","Passenger Car"
"Mercedes-Benz USA","Mercedes-Benz Group AG","Mercedes-Benz","S-Class Maybach (S580-4M/S680-4M)",0,"35% Germany",65,"Germany","None","Germany","None","Germany","None","Passenger Car"
"Mercedes-Benz USA","Mercedes-Benz Group AG","Mercedes-Benz","SL-Class (SL55/SL63/SL43)",0,"50% Germany",50,"Germany","None","Germany","None","Germany","None","Passenger Car"
"Mitsubishi Motors Corporation","Nissan Motor Corporation","Mitsubishi","Eclipse Cross Black Edition AWD",0,"100% Japan",0,"Japan","None","Japan","None","Japan","None","Multipurpose Passenger Vehicle"
"Mitsubishi Motors Corporation","Nissan Motor Corporation","Mitsubishi","Eclipse Cross ES AWD",0,"100% Japan",0,"Japan","None","Japan","None","Japan","None","Multipurpose Passenger Vehicle"
"Mitsubishi Motors Corporation","Nissan Motor Corporation","Mitsubishi","Eclipse Cross LE AWD",0,"100% Japan",0,"Japan","None","Japan","None","Japan","None","Multipurpose Passenger Vehicle"
"Mitsubishi Motors Corporation","Nissan Motor Corporation","Mitsubishi","Eclipse Cross RalliArt AWD",0,"100% Japan",0,"Japan","None","Japan","None","Japan","None","Multipurpose Passenger Vehicle"
"Mitsubishi Motors Corporation","Nissan Motor Corporation","Mitsubishi","Eclipse Cross SE AWD",0,"100% Japan",0,"Japan","None","Japan","None","Japan","None","Multipurpose Passenger Vehicle"
"Mitsubishi Motors Corporation","Nissan Motor Corporation","Mitsubishi","Eclipse Cross SEL AWD",0,"100% Japan",0,"Japan","None","Japan","None","Japan","None","Multipurpose Passenger Vehicle"
"Mitsubishi Motors Corporation","Nissan Motor Corporation","Mitsubishi","Mirage BE",0,"91% Thailand",9,"Thailand","None","Thailand","None","Thailand","None","Passenger Car"
"Mitsubishi Motors Corporation","Nissan Motor Corporation","Mitsubishi","Mirage ES",0,"91% Thailand",9,"Thailand","None","Thailand","None","Thailand","None","Passenger Car"
"Mitsubishi Motors Corporation","Nissan Motor Corporation","Mitsubishi","Mirage LE",0,"91% Thailand",9,"Thailand","None","Thailand","None","Thailand","None","Passenger Car"
"Mitsubishi Motors Corporation","Nissan Motor Corporation","Mitsubishi","Mirage SE",0,"91% Thailand",9,"Thailand","None","Thailand","None","Thailand","None","Passenger Car"
"Mitsubishi Motors Corporation","Nissan Motor Corporation","Mitsubishi","Mirage G4 BE",0,"91% Thailand",9,"Thailand","None","Thailand","None","Thailand","None","Passenger Car"
"Mitsubishi Motors Corporation","Nissan Motor Corporation","Mitsubishi","Mirage G4 ES",0,"91% Thailand",9,"Thailand","None","Thailand","None","Thailand","None","Passenger Car"
"Mitsubishi Motors Corporation","Nissan Motor Corporation","Mitsubishi","Mirage G4 LE",0,"91% Thailand",9,"Thailand","None","Thailand","None","Thailand","None","Passenger Car"
"Mitsubishi Motors Corporation","Nissan Motor Corporation","Mitsubishi","Mirage G4 SE",0,"90% Thailand",10,"Thailand","None","Thailand","None","Thailand","None","Passenger Car"
"Mitsubishi Motors Corporation","Nissan Motor Corporation","Mitsubishi","Mirage Ralliart",0,"90% Thailand",10,"Thailand","None","Thailand","None","Thailand","None","Passenger Car"
"Mitsubishi Motors Corporation","Nissan Motor Corporation","Mitsubishi","Outlander Black Edition 2WD",4,"85% Japan",11,"Japan","None","Japan","None","Japan","None","Multipurpose Passenger Vehicle"
"Mitsubishi Motors Corporation","Nissan Motor Corporation","Mitsubishi","Outlander Black Edition 4WD",4,"84% Japan",12,"Japan","None","Japan","None","Japan","None","Multipurpose Passenger Vehicle"
"Mitsubishi Motors Corporation","Nissan Motor Corporation","Mitsubishi","Outlander ES 2WD",5,"82% Japan",13,"Japan","None","Japan","None","Japan","None","Multipurpose Passenger Vehicle"
"Mitsubishi Motors Corporation","Nissan Motor Corporation","Mitsubishi","Outlander ES 4WD",5,"83% Japan",12,"Japan","None","Japan","None","Japan","None","Multipurpose Passenger Vehicle"
"Mitsubishi Motors Corporation","Nissan Motor Corporation","Mitsubishi","Outlander PHEV Commercial Fleet",0,"94% Japan",6,"Japan","None","Japan","None","Japan","None","Multipurpose Passenger Vehicle"
"Mitsubishi Motors Corporation","Nissan Motor Corporation","Mitsubishi","Outlander PHEV ES",0,"94% Japan",6,"Japan","None","Japan","None","Japan","None","Multipurpose Passenger Vehicle"
"Mitsubishi Motors Corporation","Nissan Motor Corporation","Mitsubishi","Outlander PHEV Platinum Edition",0,"95% Japan",5,"Japan","None","Japan","None","Japan","None","Multipurpose Passenger Vehicle"
"Mitsubishi Motors Corporation","Nissan Motor Corporation","Mitsubishi","Outlander PHEV Ralliart",0,"95% Japan",5,"Japan","None","Japan","None","Japan","None","Multipurpose Passenger Vehicle"
"Mitsubishi Motors Corporation","Nissan Motor Corporation","Mitsubishi","Outlander PHEV SE",0,"95% Japan",5,"Japan","None","Japan","None","Japan","None","Multipurpose Passenger Vehicle"
"Mitsubishi Motors Corporation","Nissan Motor Corporation","Mitsubishi","Outlander PHEV SEL",0,"95% Japan",5,"Japan","None","Japan","None","Japan","None","Multipurpose Passenger Vehicle"
"Mitsubishi Motors Corporation","Nissan Motor Corporation","Mitsubishi","Outlander PHEV SEL Black Edition",0,"95% Japan",5,"Japan","None","Japan","None","Japan","None","Multipurpose Passenger Vehicle"
"Mitsubishi Motors Corporation","Nissan Motor Corporation","Mitsubishi","Outlander SE 2WD",4,"85% Japan",11,"Japan","None","Japan","None","Japan","None","Multipurpose Passenger Vehicle"
"Mitsubishi Motors Corporation","Nissan Motor Corporation","Mitsubishi","Outlander SE 4WD",4,"82% Japan",14,"Japan","None","Japan","None","Japan","None","Multipurpose Passenger Vehicle"
"Mitsubishi Motors Corporation","Nissan Motor Corporation","Mitsubishi","Outlander SE Black Edition 2WD",4,"87% Japan",9,"Japan","None","Japan","None","Japan","None","Multipurpose Passenger Vehicle"
"Mitsubishi Motors Corporation","Nissan Motor Corporation","Mitsubishi","Outlander SE Black Edition 4WD",4,"86% Japan",10,"Japan","None","Japan","None","Japan","None","Multipurpose Passenger Vehicle"
"Mitsubishi Motors Corporation","Nissan Motor Corporation","Mitsubishi","Outlander SEL 2WD",4,"85% Japan",11,"Japan","None","Japan","None","Japan","None","Multipurpose Passenger Vehicle"
"Mitsubishi Motors Corporation","Nissan Motor Corporation","Mitsubishi","Outlander SEL 4WD",4,"82% Japan",14,"Japan","None","Japan","None","Japan","None","Multipurpose Passenger Vehicle"
"Mitsubishi Motors Corporation","Nissan Motor Corporation","Mitsubishi","Outlander Sport ES",0,"93% Japan",7,"Japan","None","Japan","None","Japan","None","Multipurpose Passenger Vehicle"
"Mitsubishi Motors Corporation","Nissan Motor Corporation","Mitsubishi","Outlander Sport LE",0,"95% Japan",5,"Japan","None","Japan","None","Japan","None","Multipurpose Passenger Vehicle"
"Mitsubishi Motors Corporation","Nissan Motor Corporation","Mitsubishi","Outlander Sport Ralliart",0,"95% Japan",5,"Japan","None","Japan","None","Japan","None","Multipurpose Passenger Vehicle"
"Mitsubishi Motors Corporation","Nissan Motor Corporation","Mitsubishi","Outlander Sport S",0,"95% Japan",5,"Japan","None","Japan","None","Japan","None","Multipurpose Passenger Vehicle"
"Mitsubishi Motors Corporation","Nissan Motor Corporation","Mitsubishi","Outlander Sport SE",0,"92% Japan",8,"Japan","None","Japan","None","Japan","None","Multipurpose Passenger Vehicle"
"Mitsubishi Motors Corporation","Nissan Motor Corporation","Mitsubishi","Outlander Sport SEL",1,"92% Japan",7,"Japan","None","Japan","None","Japan","None","Multipurpose Passenger Vehicle"
"Mitsubishi Motors Corporation","Nissan Motor Corporation","Mitsubishi","Outlander Sport Trail Edition",0,"95% Japan",5,"Japan","None","Japan","None","Japan","None","Multipurpose Passenger Vehicle"
"Nissan North America, Inc","Nissan Motor Corporation","Infiniti","Q50",0,"90% Japan",10,"Japan","None","Japan","None","Japan","None","Passenger Car"
"Nissan North America, Inc","Nissan Motor Corporation","Infiniti","QX50",15,"45% Mexico + 25% Japan",15,"Japan","None","Mexico","None","Mexico","None","Multipurpose Passenger Vehicle"
"Nissan North America, Inc","Nissan Motor Corporation","Infiniti","QX55",10,"55% Mexico + 20% Japan",15,"Japan","None","Mexico","None","Mexico","None","Multipurpose Passenger Vehicle"
"Nissan North America, Inc","Nissan Motor Corporation","Infiniti","QX 60",45,0,55,"United States","None","United States","None","United States","None","Multipurpose Passenger Vehicle"
"Nissan North America, Inc","Nissan Motor Corporation","Infiniti","QX80",5,"90% Japan",5,"Japan","None","Japan","None","Japan","None","Multipurpose Passenger Vehicle"
"Nissan North America, Inc","Nissan Motor Corporation","Nissan","Altima 4CYL",50,"15% Mexico",35,"United States","None","Mexico","None","United States","None","Passenger Car"
"Nissan North America, Inc","Nissan Motor Corporation","Nissan","Altima 4CYL Turbo",50,"15% Mexico",35,"Japan","None","Mexico","None","United States","None","Passenger Car"
"Nissan North America, Inc","Nissan Motor Corporation","Nissan","Armada",5,"90% Japan",5,"Japan","None","Japan","None","Japan","None","Multipurpose Passenger Vehicle"
"Nissan North America, Inc","Nissan Motor Corporation","Nissan","Frontier",40,"20% Japan",40,"United States","None","Japan","None","United States","None","Truck"
"Nissan North America, Inc","Nissan Motor Corporation","Nissan","GT-R",0,"95% Japan",5,"Japan","None","Japan","None","Japan","None","Passenger Car"
"Nissan North America, Inc","Nissan Motor Corporation","Nissan","Kicks",15,"65% Mexico",20,"Mexico","None","Mexico","None","Mexico","None","Passenger Car"
"Nissan North America, Inc","Nissan Motor Corporation","Nissan","Leaf",30,"45% Japan",25,"Japan","None","Japan","None","United States","None","Passenger Car"
"Nissan North America, Inc","Nissan Motor Corporation","Nissan","Murano",55,0,45,"United States","None","Mexico","None","United States","None","Multipurpose Passenger Vehicle"
"Nissan North America, Inc","Nissan Motor Corporation","Nissan","Pathfinder",50,0,50,"United States","None","United States","None","United States","None","Multipurpose Passenger Vehicle"
"Nissan North America, Inc","Nissan Motor Corporation","Nissan","Rogue",25,"45% Japan",30,"Japan","None","Mexico","None","United States","None","Multipurpose Passenger Vehicle"
"Nissan North America, Inc","Nissan Motor Corporation","Nissan","Rogue",25,"45% Japan",30,"Japan","None","Japan","None","Japan","None","Multipurpose Passenger Vehicle"
"Nissan North America, Inc","Nissan Motor Corporation","Nissan","Sentra",15,"65% Mexico",20,"Mexico","None","Mexico","None","Mexico","None","Passenger Car"
"Nissan North America, Inc","Nissan Motor Corporation","Nissan","Titan",45,"15% Japan",40,"United States","None","Japan","None","United States","None","Truck"
"Nissan North America, Inc","Nissan Motor Corporation","Nissan","Versa Sedan",15,"70% Mexico",15,"Mexico","None","Mexico","None","Mexico","None","Passenger Car"
"Nissan North America, Inc","Nissan Motor Corporation","Nissan","Versa Sedan",15,"70% Mexico",15,"Mexico","None","Spain","None","Mexico","None","Passenger Car"
"Nissan North America, Inc","Nissan Motor Corporation","Nissan","Z",0,"90% Japan",10,"Japan","None","Japan","None","Japan","None","Passenger Car"
"Polestar","Geely","Polestar","Polestar 2 AWD (Dual Motor)",0,"95% China",5,"China","None","China","None","China","None","Passenger Car"
"Polestar","Geely","Polestar","Polestar 2 RWD (Single Motor)",0,"95% China",5,"China","None","China","None","China","None","Passenger Car"
"Porsche AG","Volkswagen Group","Porsche","718 Boxster",0,"75% Germany",25,"Germany","None","Germany","None","Germany","None","Passenger Car"
"Porsche AG","Volkswagen Group","Porsche","718 Boxster GTS 4.0",0,"75% Germany",25,"Germany","None","Germany","None","Germany","None","Passenger Car"
"Porsche AG","Volkswagen Group","Porsche","718 Boxster S",0,"75% Germany",25,"Germany","None","Germany","None","Germany","None","Passenger Car"
"Porsche AG","Volkswagen Group","Porsche","718 Cayman",0,"75% Germany",25,"Germany","None","Germany","None","Germany","None","Passenger Car"
"Porsche AG","Volkswagen Group","Porsche","718 Cayman GT4 RS",0,"70% Germany",30,"Germany","None","Germany","None","Germany","None","Passenger Car"
"Porsche AG","Volkswagen Group","Porsche","718 Cayman GTS 4.0",0,"70% Germany",30,"Germany","None","Germany","None","Germany","None","Passenger Car"
"Porsche AG","Volkswagen Group","Porsche","718 Cayman S",0,"75% Germany",25,"Germany","None","Germany","None","Germany","None","Passenger Car"
"Porsche AG","Volkswagen Group","Porsche","911 Carrera, S, GTS, 4, 4S, 4 GTS",0,"75% Germany",25,"Germany","None","Germany","None","Germany","None","Passenger Car"
"Porsche AG","Volkswagen Group","Porsche","911 Carrera Cabriolet, S Cab, GTS Cab",0,"75% Germany",25,"Germany","None","Germany","None","Germany","None","Passenger Car"
"Porsche AG","Volkswagen Group","Porsche","911 Dakar",0,"65% Germany",35,"Germany","None","Germany","None","Germany","None","Passenger Car"
"Porsche AG","Volkswagen Group","Porsche","911 GT3",0,"60% Germany",40,"Germany","None","Germany","None","Germany","None","Passenger Car"
"Porsche AG","Volkswagen Group","Porsche","911 GT3 RS",0,"75% Germany",25,"Germany","None","Germany","None","Germany","None","Passenger Car"
"Porsche AG","Volkswagen Group","Porsche","911 GT3 Touring",0,"65% Germany",35,"Germany","None","Germany","None","Germany","None","Passenger Car"
"Porsche AG","Volkswagen Group","Porsche","911 Carrera T",0,"70% Germany",30,"Germany","None","Germany","None","Germany","None","Passenger Car"
"Porsche AG","Volkswagen Group","Porsche","911 Targa 4, 4S, 4 GTS",0,"70% Germany",30,"Germany","None","Germany","None","Germany","None","Passenger Car"
"Porsche AG","Volkswagen Group","Porsche","911 Turbo, Turbo S, Turbo Cab, Turbo S",0,"75% Germany",25,"Germany","None","Germany","None","Germany","None","Passenger Car"
"Porsche AG","Volkswagen Group","Porsche","Cayenne",0,"25% Germany + 30% Slovakia",45,"Hungary","None","Germany","None","Slovakia","None","Multipurpose Passenger Vehicle"
"Porsche AG","Volkswagen Group","Porsche","Cayenne Coupe",0,"25% Germany + 30% Slovakia",45,"Hungary","None","Hungary","None","Slovakia","None","Multipurpose Passenger Vehicle"
"Porsche AG","Volkswagen Group","Porsche","Cayenne E-Hybrid",0,"30% Germany + 25% Slovakia",45,"Hungary","None","Germany","None","Slovakia","None","Multipurpose Passenger Vehicle"
"Porsche AG","Volkswagen Group","Porsche","Cayenne E-Hybrid Coupe",0,"35% Germany + 25% Slovakia",40,"Hungary","None","Germany","None","Slovakia","None","Multipurpose Passenger Vehicle"
"Porsche AG","Volkswagen Group","Porsche","Cayenne S",0,"45% Germany + 30% Slovakia",25,"Germany","None","Hungary","None","Slovakia","None","Multipurpose Passenger Vehicle"
"Porsche AG","Volkswagen Group","Porsche","Cayenne S Coupe",0,"45% Germany + 25% Slovakia",30,"Germany","None","Hungary","None","Slovakia","None","Multipurpose Passenger Vehicle"
"Porsche AG","Volkswagen Group","Porsche","Cayenne Turbo GT",0,"50% Germany + 25% Slovakia",25,"Germany","None","Germany","None","Slovakia","None","Multipurpose Passenger Vehicle"
"Porsche AG","Volkswagen Group","Porsche","Macan, T",0,"60% Germany",40,"Hungary","None","Germany","None","Germany","None","Multipurpose Passenger Vehicle"
"Porsche AG","Volkswagen Group","Porsche","Macan S",0,"60% Germany + 15% Hungary",25,"Hungary","None","Germany","None","Germany","None","Multipurpose Passenger Vehicle"
"Porsche AG","Volkswagen Group","Porsche","Macan GTS",0,"65% Germany + 15% Hungary",20,"Hungary","None","Germany","None","Germany","None","Multipurpose Passenger Vehicle"
"Porsche AG","Volkswagen Group","Porsche","Taycan, 4S, GTS, Turbo",0,"40% Germany + 30% Poland",30,"Germany","None","Germany","None","Germany","None","Passenger Car"
"Porsche AG","Volkswagen Group","Porsche","Taycan 4 Cross Turismo, 4S Cross",0,"40% Germany + 30% Poland",30,"Germany","None","Germany","None","Germany","None","Passenger Car"
"Porsche AG","Volkswagen Group","Porsche","Taycan Turbo S",0,"45% Germany + 30% Poland",25,"Germany","None","Germany","None","Germany","None","Passenger Car"
"Porsche AG","Volkswagen Group","Porsche","Taycan Turbo S Cross Turismo",0,"45% Germany + 30% Poland",25,"Germany","None","Germany","None","Germany","None","Passenger Car"
"Rolls-Royce Motor","BMW Group","Rolls-Royce","Cullinan",1,"29% Germany",70,"Germany","None","Germany","None","United Kingdom","None","Multipurpose Passenger Vehicle"
"Rolls-Royce Motor","BMW Group","Rolls-Royce","Ghost",1,"29% Germany",70,"Germany","None","Germany","None","United Kingdom","None","Passenger Car"
"Rolls-Royce Motor","BMW Group","Rolls-Royce","Phantom",1,"29% Germany",70,"Germany","None","Germany","None","United Kingdom","None","Passenger Car"
"Rolls-Royce Motor","BMW Group","Rolls-Royce","Spectre",1,"53% Germany",46,"Germany","None","Germany","None","United Kingdom","None","Passenger Car"
"Subaru","Subaru Corporation","Subaru","Ascent",50,"30% Japan",20,"Japan","None","Japan","None","United States","None","Multipurpose Passenger Vehicle"
"Subaru","Subaru Corporation","Subaru","BRZ",0,"85% Japan",15,"Japan","None","Japan","None","Japan","None","Passenger Car"
"Subaru","Subaru Corporation","Subaru","Crosstrek",5,"85% Japan",10,"Japan","None","Japan","None","Japan","None","Multipurpose Passenger Vehicle"
"Subaru","Subaru Corporation","Subaru","Crosstrek",45,"35% Japan",20,"Japan","None","Japan","None","United States","None","Multipurpose Passenger Vehicle"
"Subaru","Subaru Corporation","Subaru","Forester",0,"80% Japan",20,"Japan","None","Japan","None","Japan","None","Multipurpose Passenger Vehicle"
"Subaru","Subaru Corporation","Subaru","Impreza",5,"80% Japan",15,"Japan","None","Japan","None","Japan","None","Passenger Car"
"Subaru","Subaru Corporation","Subaru","Legacy",50,"30% Japan",20,"Japan","None","Japan","None","United States","None","Passenger Car"
"Subaru","Subaru Corporation","Subaru","Outback",50,"30% Japan",20,"Japan","None","Japan","None","United States","None","Multipurpose Passenger Vehicle"
"Subaru","Subaru Corporation","Subaru","WRX",0,"85% Japan",15,"Japan","None","Japan","None","Japan","None","Passenger Car"
"Subaru","Subaru Corporation","Toyota","GR86",0,"85% Japan",15,"Japan","None","Japan","None","Japan","None","Passenger Car"
"Tesla Inc.","Tesla, Inc.","Tesla","Cybertruck",65,"25% Mexico",10,"United States","None","United States","None","United States","None","Truck"
"Tesla Inc.","Tesla, Inc.","Tesla","Model 3 Long Range",35,"20% Mexico + 40% China",5,"United States","None","United States","None","United States","None","Passenger Car"
"Tesla Inc.","Tesla, Inc.","Tesla","Model 3 Performance",75,"20% Mexico",5,"United States","None","United States","None","United States","None","Passenger Car"
"Tesla Inc.","Tesla, Inc.","Tesla","Model 3 RWD",40,"20% Mexico + 35% China",5,"United States","None","United States","None","United States","None","Passenger Car"
"Tesla Inc.","Tesla, Inc.","Tesla","Model S",65,"15% Mexico",20,"United States","None","United States","None","United States","None","Passenger Car"
"Tesla Inc.","Tesla, Inc.","Tesla","Model X",60,"20% Mexico",20,"United States","None","United States","None","United States","None","Multipurpose Passenger Vehicle"
"Tesla Inc.","Tesla, Inc.","Tesla","Model Y Long Range",70,"20% Mexico",10,"United States","None","United States","None","United States","None","Multipurpose Passenger Vehicle"
"Tesla Inc.","Tesla, Inc.","Tesla","Model Y Long Range",70,"20% Mexico",10,"United States","None","United States","None","United States","None","Multipurpose Passenger Vehicle"
"Tesla Inc.","Tesla, Inc.","Tesla","Model Y Performance",70,"20% Mexico",10,"United States","None","United States","None","United States","None","Multipurpose Passenger Vehicle"
"Toyota","Toyota Motor Corporation","Lexus","ES 250/350",50,"35% Japan",15,"United States","Japan","United States","Japan","United States","None","Passenger Car"
"Toyota","Toyota Motor Corporation","Lexus","ES 300h",45,"40% Japan",15,"United States","None","Japan","None","United States","None","Passenger Car"
"Toyota","Toyota Motor Corporation","Lexus","GX550",0,"100% Japan",0,"Japan","None","Japan","None","Japan","None","Multipurpose Passenger Vehicle"
"Toyota","Toyota Motor Corporation","Lexus","IS 300/350",0,"100% Japan",0,"Japan","None","Japan","None","Japan","None","Passenger Car"
"Toyota","Toyota Motor Corporation","Lexus","LC 500",0,"100% Japan",0,"Japan","None","Japan","None","Japan","None","Passenger Car"
"Toyota","Toyota Motor Corporation","Lexus","LC Convertible",0,"100% Japan",0,"Japan","None","Japan","None","Japan","None","Passenger Car"
"Toyota","Toyota Motor Corporation","Lexus","LC 500h",0,"100% Japan",0,"Japan","None","Japan","None","Japan","None","Passenger Car"
"Toyota","Toyota Motor Corporation","Lexus","LS 500",0,"100% Japan",0,"Japan","None","Japan","None","Japan","None","Passenger Car"
"Toyota","Toyota Motor Corporation","Lexus","LS 500h",0,"100% Japan",0,"Japan","None","Japan","None","Japan","None","Passenger Car"
"Toyota","Toyota Motor Corporation","Lexus","LX 600",0,"100% Japan",0,"Japan","None","Japan","None","Japan","None","Multipurpose Passenger Vehicle"
"Toyota","Toyota Motor Corporation","Lexus","NX 250/350",40,"45% Japan",15,"Japan","None","Japan","United States","Canada","None","Multipurpose Passenger Vehicle"
"Toyota","Toyota Motor Corporation","Lexus","NX 350h",40,"55% Japan",5,"Japan","None","Japan","United States","Canada","United States","Multipurpose Passenger Vehicle"
"Toyota","Toyota Motor Corporation","Lexus","NX 450h+",0,"100% Japan",0,"Japan","None","Japan","None","Japan","None","Multipurpose Passenger Vehicle"
"Toyota","Toyota Motor Corporation","Lexus","RC 300/350",0,"100% Japan",0,"Japan","None","Japan","None","Japan","None","Passenger Car"
"Toyota","Toyota Motor Corporation","Lexus","RC F",0,"100% Japan",0,"Japan","None","Japan","None","Japan","None","Passenger Car"
"Toyota","Toyota Motor Corporation","Lexus","RX 350",55,"30% Japan",15,"Japan","United States","Japan","United States","Canada","United States","Multipurpose Passenger Vehicle"
"Toyota","Toyota Motor Corporation","Lexus","RX 450h+",0,"100% Japan",0,"Japan","None","Japan","None","Japan","None","Multipurpose Passenger Vehicle"
"Toyota","Toyota Motor Corporation","Lexus","RX 350h/500h",40,"45% Japan",15,"United States","None","Japan","None","Canada","None","Multipurpose Passenger Vehicle"
"Toyota","Toyota Motor Corporation","Lexus","RZ 300e/450e",0,"100% Japan",0,"Japan","None","Japan","None","Japan","None","Multipurpose Passenger Vehicle"
"Toyota","Toyota Motor Corporation","Lexus","TX 350",65,"20% Japan",15,"United States","Japan","United States","None","United States","None","Multipurpose Passenger Vehicle"
"Toyota","Toyota Motor Corporation","Lexus","TX 500h",50,"35% Japan",15,"Japan","None","Japan","None","United States","None","Multipurpose Passenger Vehicle"
"Toyota","Toyota Motor Corporation","Lexus","TX 550h+",30,"60% Japan",10,"Japan","None","Japan","None","United States","None","Multipurpose Passenger Vehicle"
"Toyota","Toyota Motor Corporation","Lexus","UX 250h",0,"100% Japan",0,"Japan","None","Japan","None","Japan","None","Multipurpose Passenger Vehicle"
"Toyota","Toyota Motor Corporation","Toyota","bZ4x",0,"80% Japan + 20% China",0,"Japan","None","Japan","None","Japan","None","Multipurpose Passenger Vehicle"
"Toyota","Toyota Motor Corporation","Toyota","Corolla Cross",60,"25% Japan",15,"United States","None","Japan","Brazil","United States","None","Multipurpose Passenger Vehicle"
"Toyota","Toyota Motor Corporation","Toyota","Corolla Cross Hybrid",45,"40% Japan",15,"United States","None","Japan","None","United States","None","Multipurpose Passenger Vehicle"
"Toyota","Toyota Motor Corporation","Toyota","4Runner",0,"100% Japan",0,"Japan","None","Japan","None","Japan","None","Multipurpose Passenger Vehicle"
"Toyota","Toyota Motor Corporation","Toyota","Camry",70,"10% Japan",20,"Japan","United States","United States","Japan","United States","None","Passenger Car"
"Toyota","Toyota Motor Corporation","Toyota","Camry Hybrid",50,"30% Japan",20,"United States","None","Japan","None","United States","None","Passenger Car"
"Toyota","Toyota Motor Corporation","Toyota","Corolla Hatchback",0,"100% Japan",0,"Japan","None","Japan","None","Japan","None","Passenger Car"
"Toyota","Toyota Motor Corporation","Toyota","Corolla Hybrid",0,"100% Japan",0,"Japan","None","Japan","None","Japan","None","Passenger Car"
"Toyota","Toyota Motor Corporation","Toyota","Corolla",55,"30% Japan",15,"United States","Japan","Japan","None","United States","Japan","Passenger Car"
"Toyota","Toyota Motor Corporation","Toyota","Crown",0,"100% Japan",0,"Japan","None","Japan","None","Japan","None","Passenger Car"
"Toyota","Toyota Motor Corporation","Toyota","GR86",0,"85% Japan",15,"Japan","None","Japan","None","Japan","None","Passenger Car"
"Toyota","Toyota Motor Corporation","Toyota","GR Corolla",0,"100% Japan",0,"Japan","None","Japan","None","Japan","None","Passenger Car"
"Toyota","Toyota Motor Corporation","Toyota","Grand Highlander",60,"25% Japan",15,"United States","Japan","Japan","United States","United States","None","Multipurpose Passenger Vehicle"
"Toyota","Toyota Motor Corporation","Toyota","Grand Highlander Hybrid",50,"35% Japan",15,"United States","Japan","Japan","None","United States","None","Multipurpose Passenger Vehicle"
"Toyota","Toyota Motor Corporation","Toyota","Highlander",65,"20% Japan",15,"United States","Japan","Japan","United States","United States","None","Multipurpose Passenger Vehicle"
"Toyota","Toyota Motor Corporation","Toyota","Highlander Hybrid",55,"30% Japan",15,"United States","Japan","Japan","None","United States","None","Multipurpose Passenger Vehicle"
"Toyota","Toyota Motor Corporation","Toyota","Land Cruiser",0,"100% Japan",0,"Japan","None","Japan","None","Japan","None","Multipurpose Passenger Vehicle"
"Toyota","Toyota Motor Corporation","Toyota","Mirai",0,"100% Japan",0,"Japan","None","Japan","None","Japan","None","Passenger Car"
"Toyota","Toyota Motor Corporation","Toyota","Prius",0,"100% Japan",0,"Japan","None","Japan","None","Japan","None","Passenger Car"
"Toyota","Toyota Motor Corporation","Toyota","Prius Prime",0,"95% Japan + 5% China",0,"Japan","None","Japan","None","Japan","None","Passenger Car"
"Toyota","Toyota Motor Corporation","Toyota","Rav4",70,"15% Japan",15,"Japan","United States","Japan","United States","Canada","United States","Multipurpose Passenger Vehicle"
"Toyota","Toyota Motor Corporation","Toyota","Rav4 Hybrid",45,"45% Japan",10,"United States","Japan","Japan","United States","Canada","None","Multipurpose Passenger Vehicle"
"Toyota","Toyota Motor Corporation","Toyota","Rav4 Prime",0,"100% Japan",0,"Japan","None","Japan","None","Japan","None","Passenger Car"
"Toyota","Toyota Motor Corporation","Toyota","Sienna HV",60,"30% Japan",10,"United States","None","Japan","None","United States","None","Multipurpose Passenger Vehicle"
"Toyota","Toyota Motor Corporation","Toyota","Sequoia Hybrid",50,"20% Japan + 15% Mexico",15,"United States","None","United States","None","United States","None","Multipurpose Passenger Vehicle"
"Toyota","Toyota Motor Corporation","Toyota","Tacoma",35,"20% Japan + 30% Mexico",15,"United States","Mexico","Japan","Thailand","Mexico","None","Truck"
"Toyota","Toyota Motor Corporation","Toyota","Tacoma Hybrid",25,"40% Japan + 20% Mexico",15,"United States","Mexico","Japan","Thailand","Mexico","None","Truck"
"Toyota","Toyota Motor Corporation","Toyota","Tundra",55,"15% Japan + 15% Mexico",15,"United States","None","United States","None","United States","None","Truck"
"Toyota","Toyota Motor Corporation","Toyota","Tundra Hybrid",50,"20% Japan + 15% Mexico",15,"United States","None","United States","None","United States","None","Truck"
"Toyota","Toyota Motor Corporation","Toyota","Venza",0,"100% Japan",0,"Japan","None","Japan","None","Japan","None","Passenger Car"
"Volkswagen","Volkswagen Group","Volkswagen","Atlas 2.0 (FWD)",50,"32% Mexico",18,"Mexico","None","Japan","None","United States","None","Multipurpose Passenger Vehicle"
"Volkswagen","Volkswagen Group","Volkswagen","Atlas 2.0 (AWD)",49,"33% Mexico",18,"Mexico","None","Japan","None","United States","None","Multipurpose Passenger Vehicle"
"Volkswagen","Volkswagen Group","Volkswagen","Atlas Cross Sport 2.0 (FWD)",48,"34% Mexico",18,"Mexico","None","Japan","None","United States","None","Multipurpose Passenger Vehicle"
"Volkswagen","Volkswagen Group","Volkswagen","Atlas Cross Sport 2.0 (AWD)",50,"32% Mexico",18,"Mexico","None","Japan","None","United States","None","Multipurpose Passenger Vehicle"
"Volkswagen","Volkswagen Group","Volkswagen","Golf GTI (manual)",1,"41% Germany + 25% Hungary",34,"Hungary","None","Germany","None","Germany","None","Passenger Car"
"Volkswagen","Volkswagen Group","Volkswagen","Golf GTI (automatic)",1,"44% Germany + 23% Hungary",32,"Hungary","None","Germany","None","Germany","None","Passenger Car"
"Volkswagen","Volkswagen Group","Volkswagen","Golf R (manual)",1,"38% Germany + 19% Hungary",42,"Hungary","None","Germany","None","Germany","None","Passenger Car"
"Volkswagen","Volkswagen Group","Volkswagen","Golf R (automatic)",1,"39% Germany + 19% Hungary",41,"Hungary","None","Germany","None","Germany","None","Passenger Car"
"Volkswagen","Volkswagen Group","Volkswagen","ID.4 AWD 82kWh",73,0,27,"United States","None","United States","None","United States","None","Multipurpose Passenger Vehicle"
"Volkswagen","Volkswagen Group","Volkswagen","ID.4 RWD 62kWh",71,"16% Mexico",13,"United States","None","United States","None","United States","None","Multipurpose Passenger Vehicle"
"Volkswagen","Volkswagen Group","Volkswagen","ID.4 RWD 82kWh",70,0,30,"United States","None","United States","None","United States","None","Multipurpose Passenger Vehicle"
"Volkswagen","Volkswagen Group","Volkswagen","Jetta (manual)",5,"47% Mexico + 15% Germany",33,"Mexico","None","Japan","None","Mexico","None","Passenger Car"
"Volkswagen","Volkswagen Group","Volkswagen","Jetta (automatic)",4,"47% Mexico",49,"Mexico","None","Japan","None","Mexico","None","Passenger Car"
"Volkswagen","Volkswagen Group","Volkswagen","Jetta (automatic)",19,"36% Mexico",45,"Mexico","None","United States","None","Mexico","None","Passenger Car"
"Volkswagen","Volkswagen Group","Volkswagen","Jetta GLI (manual)",4,"47% Mexico + 15% Germany",34,"Mexico","None","Germany","None","Mexico","None","Passenger Car"
"Volkswagen","Volkswagen Group","Volkswagen","Jetta GLI (automatic)",4,"33% Mexico + 18% Germany",45,"Mexico","None","Germany","None","Mexico","None","Passenger Car"
"Volkswagen","Volkswagen Group","Volkswagen","Taos (FWD)",4,"36% Mexico",60,"Mexico","None","Japan","None","Mexico","None","Multipurpose Passenger Vehicle"
"Volkswagen","Volkswagen Group","Volkswagen","Taos (AWD)",4,"34% Mexico + 15% Germany",47,"Mexico","None","Germany","None","Mexico","None","Multipurpose Passenger Vehicle"
"Volkswagen","Volkswagen Group","Volkswagen","Tiguan (FWD)",4,"47% Mexico",49,"Mexico","None","Japan","None","Mexico","None","Multipurpose Passenger Vehicle"
"Volkswagen","Volkswagen Group","Volkswagen","Tiguan (AWD)",4,"47% Mexico",49,"Mexico","None","Japan","None","Mexico","None","Multipurpose Passenger Vehicle"
"Volvo","Geely","Volvo","C40 Recharge RWD",0,"50% China",50,"Sweden","None","Sweden","None","Belgium","None","Multipurpose Passenger Vehicle"
"Volvo","Geely","Volvo","C40 Recharge Twin AWD",0,"45% Poland + 15% China",40,"Sweden","China","Sweden","China","Belgium","None","Multipurpose Passenger Vehicle"
"Volvo","Geely","Volvo","S60 B5",30,"15% Sweden",55,"Sweden","None","Japan","None","United States","None","Passenger Car"
"Volvo","Geely","Volvo","S60 Recharge",20,"20% Finland",60,"Sweden","None","Japan","None","United States","None","Passenger Car"
"Volvo","Geely","Volvo","S90 B6",0,"80% China",20,"China","None","Japan","None","China","None","Passenger Car"
"Volvo","Geely","Volvo","S90 Recharge",0,"75% China",25,"Sweden","None","Japan","None","China","None","Passenger Car"
"Volvo","Geely","Volvo","V60 Cross Country B5",0,"40% Sweden + 10% Poland",50,"Sweden","None","Japan","None","Sweden","None","Multipurpose Passenger Vehicle"
"Volvo","Geely","Volvo","V60 Recharge",0,"30% Sweden + 20% Finland",50,"Sweden","None","Japan","None","Sweden","None","Passenger Car"
"Volvo","Geely","Volvo","V90 Cross Country B6",0,"45% Sweden",55,"Sweden","None","Japan","None","Sweden","None","Multipurpose Passenger Vehicle"
"Volvo","Geely","Volvo","XC40 B5",0,"20% Sweden",80,"Sweden","None","Japan","None","Belgium","None","Multipurpose Passenger Vehicle"
"Volvo","Geely","Volvo","XC40 Recharge RWD",0,"50% China",50,"Sweden","None","Sweden","None","Belgium","None","Multipurpose Passenger Vehicle"
"Volvo","Geely","Volvo","XC40 Recharge Twin AWD",0,"45% Poland + 15% China",40,"Sweden","China","Sweden","China","Belgium","None","Multipurpose Passenger Vehicle"
"Volvo","Geely","Volvo","XC60 B5",0,"40% Sweden",60,"Sweden","None","Japan","None","Sweden","None","Multipurpose Passenger Vehicle"
"Volvo","Geely","Volvo","XC60 Recharge",0,"30% Sweden + 20% Finland",50,"Sweden","None","Japan","None","Sweden","None","Multipurpose Passenger Vehicle"
"Volvo","Geely","Volvo","XC90 B5",0,"50% Sweden",50,"Sweden","None","Japan","None","Sweden","None","Multipurpose Passenger Vehicle"
"Volvo","Geely","Volvo","XC90 B6",0,"45% Sweden",55,"Sweden","None","Japan","None","Sweden","None","Multipurpose Passenger Vehicle"
"Volvo","Geely","Volvo","XC90 Recharge",0,"35% Sweden + 20% Finland",45,"Sweden","None","Japan","None","Sweden","None","Multipurpose Passenger Vehicle"
